event_id,timestamp,asset_tag,protocol,alert_type,process_value,setpoint,deviation
OT-00002,2026-08-01 00:15:00,RTU-08,Modbus,none,44.64,44.34,0.3
OT-00001,2026-08-01 00:20:00,PLC-02,Modbus,none,46.46,47.19,-0.73
OT-00056,2026-08-01 00:37:00,RTU-08,Modbus,none,51.27,51.81,-0.54
OT-00027,2026-08-01 01:08:00,RTU-07,DNP3,none,46.33,46.09,0.24
OT-00016,2026-08-01 01:12:00,PLC-05,DNP3,none,54.52,54.29,0.23
OT-00061,2026-08-01 01:43:00,PLC-02,Modbus,none,50.42,50.51,-0.09
OT-00017,2026-08-01 02:08:00,PLC-04,DNP3,none,48.9,49.04,-0.14
OT-00055,2026-08-01 02:18:00,PLC-03,Modbus,none,50.02,50.85,-0.83
OT-00011,2026-08-01 02:22:00,RTU-08,Modbus,none,48.14,48.73,-0.59
OT-00058,2026-08-01 04:19:00,RTU-04,Modbus,none,52.61,50.82,1.79
OT-00047,2026-08-01 04:40:00,PLC-06,DNP3,none,47.45,48.11,-0.66
OT-00024,2026-08-01 04:59:00,PLC-01,Modbus,none,52.58,51.25,1.33
OT-00031,2026-08-01 05:04:00,RTU-06,Modbus,none,50.6,51.88,-1.28
OT-00018,2026-08-01 05:30:00,PLC-01,Modbus,none,52.37,50.89,1.48
OT-00043,2026-08-01 05:32:00,PLC-01,DNP3,none,48.05,47.49,0.56
OT-00037,2026-08-01 05:36:00,RTU-03,Modbus,none,50.98,50.66,0.32
OT-00035,2026-08-01 06:21:00,PLC-03,Modbus,none,56.0,54.06,1.94
OT-00041,2026-08-01 06:56:00,PLC-04,DNP3,none,51.36,51.19,0.17
OT-00063,2026-08-01 07:16:00,PLC-03,DNP3,none,44.7,45.93,-1.23
OT-00048,2026-08-01 07:50:00,PLC-04,Modbus,none,51.19,51.55,-0.36
OT-00020,2026-08-01 08:04:00,RTU-02,Modbus,none,51.18,51.77,-0.59
OT-00025,2026-08-01 08:18:00,RTU-06,DNP3,none,49.23,50.05,-0.82
OT-00065,2026-08-01 09:23:00,PLC-05,Modbus,none,45.96,46.33,-0.37
OT-00014,2026-08-01 09:31:00,RTU-05,DNP3,none,52.74,52.56,0.18
OT-00052,2026-08-01 09:38:00,RTU-06,Modbus,none,52.85,52.23,0.62
OT-00010,2026-08-01 10:08:00,RTU-03,Modbus,none,48.67,49.09,-0.42
OT-00019,2026-08-01 10:20:00,RTU-04,DNP3,none,51.91,49.72,2.19
OT-00050,2026-08-01 10:35:00,RTU-03,DNP3,none,45.49,45.31,0.18
OT-00049,2026-08-01 10:48:00,RTU-06,DNP3,none,46.18,47.02,-0.84
OT-00015,2026-08-01 11:13:00,RTU-07,Modbus,none,48.81,47.1,1.71
OT-00060,2026-08-01 11:18:00,RTU-08,DNP3,none,51.29,51.08,0.21
OT-00008,2026-08-01 11:30:00,PLC-02,DNP3,none,51.69,50.9,0.79
OT-00032,2026-08-01 11:59:00,PLC-06,DNP3,none,48.35,48.09,0.26
OT-00044,2026-08-01 12:22:00,PLC-04,DNP3,none,52.34,53.92,-1.58
OT-00064,2026-08-01 12:29:00,RTU-05,DNP3,none,48.58,48.07,0.51
OT-00012,2026-08-01 12:32:00,PLC-05,Modbus,none,54.44,54.68,-0.24
OT-00059,2026-08-01 12:54:00,PLC-02,Modbus,none,49.43,49.05,0.38
OT-00038,2026-08-01 13:02:00,PLC-06,DNP3,none,47.23,46.7,0.53
OT-00036,2026-08-01 13:11:00,RTU-08,Modbus,none,43.09,43.29,-0.2
OT-00030,2026-08-01 14:26:00,RTU-02,Modbus,none,45.22,46.35,-1.13
OT-00062,2026-08-01 14:49:00,RTU-05,Modbus,none,49.04,49.04,0.0
OT-00029,2026-08-01 15:08:00,RTU-01,Modbus,none,46.73,47.06,-0.33
OT-00046,2026-08-01 15:14:00,RTU-04,Modbus,none,48.48,50.08,-1.6
OT-00004,2026-08-01 15:24:00,PLC-06,Modbus,none,51.55,50.13,1.42
OT-00042,2026-08-01 15:54:00,RTU-07,DNP3,none,51.38,50.2,1.18
OT-00023,2026-08-01 15:56:00,PLC-06,Modbus,none,47.76,46.45,1.31
OT-00045,2026-08-01 16:08:00,PLC-03,DNP3,none,49.73,47.82,1.91
OT-00028,2026-08-01 17:11:00,RTU-08,DNP3,none,51.96,50.97,0.99
OT-00009,2026-08-01 17:18:00,PLC-01,DNP3,none,50.4,50.48,-0.08
OT-00051,2026-08-01 17:41:00,RTU-04,DNP3,none,48.23,47.99,0.24
OT-00057,2026-08-01 17:45:00,RTU-02,Modbus,none,47.05,48.05,-1.0
OT-00021,2026-08-01 19:10:00,PLC-01,DNP3,none,48.77,50.27,-1.5
OT-00053,2026-08-01 19:24:00,RTU-01,Modbus,none,47.84,48.93,-1.09
OT-00005,2026-08-01 19:25:00,RTU-01,Modbus,none,54.35,54.65,-0.3
OT-00039,2026-08-01 19:27:00,RTU-04,DNP3,none,51.23,52.37,-1.14
OT-00066,2026-08-01 19:28:00,RTU-08,DNP3,none,47.96,47.83,0.13
OT-00013,2026-08-01 19:51:00,RTU-07,Modbus,none,49.64,49.81,-0.17
OT-00007,2026-08-01 19:55:00,PLC-04,DNP3,none,49.59,49.85,-0.26
OT-00003,2026-08-01 20:12:00,RTU-06,DNP3,none,55.52,54.06,1.46
OT-00033,2026-08-01 20:19:00,RTU-02,DNP3,none,45.25,45.43,-0.18
OT-00034,2026-08-01 20:27:00,RTU-02,DNP3,none,44.38,45.22,-0.84
OT-00022,2026-08-01 20:52:00,RTU-02,Modbus,none,49.1,48.78,0.32
OT-00006,2026-08-01 21:27:00,PLC-02,Modbus,none,48.16,49.49,-1.33
OT-00026,2026-08-01 22:20:00,RTU-04,Modbus,none,46.48,46.16,0.32
OT-00054,2026-08-01 22:27:00,RTU-03,Modbus,none,46.98,46.63,0.35
OT-00040,2026-08-01 23:11:00,RTU-04,DNP3,none,47.43,46.83,0.6
OT-00068,2026-08-02 00:07:00,RTU-05,DNP3,none,44.9,45.67,-0.77
OT-00089,2026-08-02 00:44:00,RTU-05,Modbus,none,48.92,49.09,-0.17
OT-00118,2026-08-02 00:47:00,PLC-06,DNP3,none,51.94,51.92,0.02
OT-00088,2026-08-02 01:11:00,RTU-05,DNP3,none,51.67,51.07,0.6
OT-00122,2026-08-02 01:29:00,PLC-01,DNP3,none,43.86,44.49,-0.63
OT-00073,2026-08-02 01:40:00,RTU-01,Modbus,none,48.26,48.11,0.15
OT-00087,2026-08-02 02:33:00,RTU-04,DNP3,none,47.28,47.8,-0.52
OT-00119,2026-08-02 02:40:00,RTU-01,DNP3,none,46.61,47.45,-0.84
OT-00110,2026-08-02 03:23:00,RTU-03,DNP3,none,53.1,53.37,-0.27
OT-00079,2026-08-02 03:52:00,PLC-03,DNP3,none,44.5,44.85,-0.35
OT-00105,2026-08-02 03:54:00,PLC-06,DNP3,none,49.52,47.82,1.7
OT-00086,2026-08-02 04:45:00,PLC-03,DNP3,none,49.07,48.17,0.9
OT-00075,2026-08-02 05:42:00,RTU-01,Modbus,none,49.4,49.53,-0.13
OT-00095,2026-08-02 06:27:00,RTU-06,DNP3,none,49.97,48.81,1.16
OT-00074,2026-08-02 06:31:00,PLC-01,DNP3,none,49.7,49.78,-0.08
OT-00091,2026-08-02 06:44:00,RTU-06,DNP3,none,49.28,48.17,1.11
OT-00126,2026-08-02 06:52:00,RTU-01,Modbus,none,48.43,49.45,-1.02
OT-00123,2026-08-02 07:41:00,RTU-08,Modbus,none,54.56,53.35,1.21
OT-00077,2026-08-02 07:42:00,RTU-04,DNP3,none,49.36,48.47,0.89
OT-00104,2026-08-02 08:07:00,PLC-06,DNP3,none,50.22,49.91,0.31
OT-00070,2026-08-02 09:30:00,RTU-01,Modbus,none,50.02,49.7,0.32
OT-00117,2026-08-02 11:01:00,PLC-05,DNP3,none,51.96,51.8,0.16
OT-00081,2026-08-02 11:14:00,PLC-06,Modbus,none,45.15,44.71,0.44
OT-00098,2026-08-02 11:30:00,RTU-08,DNP3,none,50.52,51.6,-1.08
OT-00072,2026-08-02 11:43:00,RTU-07,DNP3,none,49.9,49.7,0.2
OT-00125,2026-08-02 11:46:00,RTU-06,DNP3,none,47.93,48.57,-0.64
OT-00076,2026-08-02 11:53:00,PLC-01,DNP3,none,45.44,47.53,-2.09
OT-00097,2026-08-02 12:00:00,RTU-07,DNP3,none,53.52,53.16,0.36
OT-00100,2026-08-02 12:19:00,PLC-02,Modbus,none,53.67,53.18,0.49
OT-00114,2026-08-02 13:02:00,PLC-05,DNP3,none,45.87,46.42,-0.55
OT-00115,2026-08-02 13:19:00,PLC-05,Modbus,none,55.32,55.85,-0.53
OT-00124,2026-08-02 13:55:00,PLC-03,DNP3,none,52.99,53.36,-0.37
OT-00106,2026-08-02 14:11:00,PLC-05,Modbus,none,50.93,51.73,-0.8
OT-00127,2026-08-02 14:12:00,PLC-06,Modbus,none,55.84,55.53,0.31
OT-00107,2026-08-02 14:31:00,PLC-03,DNP3,none,49.54,50.85,-1.31
OT-00108,2026-08-02 14:59:00,RTU-03,DNP3,none,45.98,47.57,-1.59
OT-00111,2026-08-02 15:01:00,RTU-01,DNP3,none,51.55,51.66,-0.11
OT-00067,2026-08-02 15:03:00,PLC-03,Modbus,none,49.55,49.48,0.07
OT-00071,2026-08-02 16:47:00,RTU-02,Modbus,none,51.82,51.13,0.69
OT-00109,2026-08-02 17:11:00,RTU-04,DNP3,none,53.96,54.17,-0.21
OT-00113,2026-08-02 18:01:00,PLC-04,DNP3,none,50.14,48.84,1.3
OT-00085,2026-08-02 18:13:00,PLC-05,Modbus,none,51.17,51.68,-0.51
OT-00101,2026-08-02 18:30:00,RTU-01,DNP3,none,46.75,47.35,-0.6
OT-00092,2026-08-02 18:42:00,RTU-06,Modbus,none,50.8,50.92,-0.12
OT-00094,2026-08-02 19:08:00,PLC-06,Modbus,none,51.88,50.28,1.6
OT-00096,2026-08-02 19:16:00,PLC-01,Modbus,none,47.49,47.94,-0.45
OT-00112,2026-08-02 19:16:00,PLC-03,Modbus,none,55.11,54.14,0.97
OT-00121,2026-08-02 19:33:00,RTU-07,Modbus,none,54.19,54.4,-0.21
OT-00069,2026-08-02 19:38:00,RTU-03,Modbus,none,48.16,48.3,-0.14
OT-00080,2026-08-02 19:39:00,PLC-06,Modbus,none,49.57,50.18,-0.61
OT-00084,2026-08-02 19:50:00,RTU-01,Modbus,none,55.01,53.83,1.18
OT-00102,2026-08-02 20:05:00,PLC-02,Modbus,none,51.5,51.23,0.27
OT-00093,2026-08-02 20:27:00,PLC-04,DNP3,none,50.56,50.86,-0.3
OT-00090,2026-08-02 20:42:00,RTU-08,DNP3,none,47.98,47.7,0.28
OT-00103,2026-08-02 20:53:00,PLC-06,Modbus,none,53.67,53.61,0.06
OT-00082,2026-08-02 20:54:00,PLC-01,Modbus,none,49.79,49.34,0.45
OT-00099,2026-08-02 21:26:00,PLC-03,Modbus,none,45.77,46.59,-0.82
OT-00083,2026-08-02 21:40:00,RTU-02,Modbus,none,55.27,55.55,-0.28
OT-00116,2026-08-02 22:56:00,RTU-04,Modbus,none,51.34,52.11,-0.77
OT-00120,2026-08-02 22:59:00,RTU-05,DNP3,none,50.09,49.92,0.17
OT-00078,2026-08-02 23:56:00,RTU-08,DNP3,none,49.71,48.89,0.82
OT-00157,2026-08-03 00:21:00,RTU-04,Modbus,none,46.03,46.77,-0.74
OT-00142,2026-08-03 00:34:00,PLC-01,Modbus,none,55.41,54.59,0.82
OT-00180,2026-08-03 01:38:00,PLC-05,DNP3,none,49.67,50.18,-0.51
OT-00186,2026-08-03 01:40:00,RTU-05,DNP3,none,47.73,47.25,0.48
OT-00167,2026-08-03 02:05:00,RTU-08,Modbus,none,51.89,51.59,0.3
OT-00174,2026-08-03 02:09:00,PLC-04,Modbus,none,51.11,51.15,-0.04
OT-00152,2026-08-03 02:39:00,RTU-07,DNP3,none,48.01,46.59,1.42
OT-00131,2026-08-03 02:45:00,RTU-03,Modbus,none,50.89,51.24,-0.35
OT-00158,2026-08-03 02:46:00,PLC-04,DNP3,none,49.83,50.2,-0.37
OT-00169,2026-08-03 03:21:00,RTU-07,Modbus,none,49.27,51.0,-1.73
OT-00170,2026-08-03 03:43:00,RTU-04,Modbus,none,49.44,50.3,-0.86
OT-00155,2026-08-03 04:06:00,PLC-03,DNP3,none,51.87,52.17,-0.3
OT-00171,2026-08-03 05:00:00,PLC-02,Modbus,none,54.21,54.2,0.01
OT-00128,2026-08-03 05:01:00,PLC-05,Modbus,none,48.98,49.28,-0.3
OT-00139,2026-08-03 05:13:00,PLC-01,DNP3,none,47.93,47.85,0.08
OT-00162,2026-08-03 05:18:00,RTU-02,DNP3,none,51.64,52.24,-0.6
OT-00147,2026-08-03 05:20:00,RTU-08,Modbus,none,49.1,50.27,-1.17
OT-00129,2026-08-03 05:28:00,RTU-04,DNP3,none,43.02,42.38,0.64
OT-00149,2026-08-03 05:58:00,RTU-05,DNP3,none,51.33,51.06,0.27
OT-00188,2026-08-03 06:12:00,RTU-08,DNP3,none,52.3,52.43,-0.13
OT-00177,2026-08-03 07:49:00,RTU-03,DNP3,none,56.07,55.36,0.71
OT-00143,2026-08-03 08:18:00,RTU-05,Modbus,none,50.07,50.45,-0.38
OT-00150,2026-08-03 08:39:00,RTU-03,Modbus,none,44.21,43.44,0.77
OT-00184,2026-08-03 08:41:00,PLC-02,DNP3,none,46.41,45.54,0.87
OT-00183,2026-08-03 10:37:00,RTU-06,Modbus,none,46.84,48.56,-1.72
OT-00153,2026-08-03 10:58:00,PLC-04,DNP3,none,45.35,45.46,-0.11
OT-00135,2026-08-03 11:22:00,PLC-05,Modbus,none,50.21,50.0,0.21
OT-00145,2026-08-03 11:29:00,RTU-06,Modbus,none,48.61,48.32,0.29
OT-00130,2026-08-03 12:09:00,RTU-05,DNP3,none,54.51,55.08,-0.57
OT-00187,2026-08-03 13:08:00,RTU-05,DNP3,none,53.22,53.82,-0.6
OT-00140,2026-08-03 13:08:00,RTU-03,DNP3,none,46.85,47.2,-0.35
OT-00132,2026-08-03 13:26:00,RTU-06,Modbus,none,53.9,53.84,0.06
OT-00146,2026-08-03 13:58:00,PLC-04,Modbus,none,51.64,51.22,0.42
OT-00134,2026-08-03 14:16:00,RTU-01,DNP3,none,52.71,53.29,-0.58
OT-00136,2026-08-03 15:03:00,RTU-06,DNP3,none,43.13,42.87,0.26
OT-00166,2026-08-03 15:19:00,PLC-03,DNP3,none,48.23,49.43,-1.2
OT-00175,2026-08-03 15:33:00,RTU-01,Modbus,none,53.39,52.96,0.43
OT-00173,2026-08-03 15:59:00,PLC-02,DNP3,none,47.92,48.13,-0.21
OT-00138,2026-08-03 16:30:00,RTU-01,DNP3,none,51.41,51.84,-0.43
OT-00179,2026-08-03 16:40:00,PLC-06,Modbus,none,50.62,50.65,-0.03
OT-00178,2026-08-03 16:40:00,RTU-02,DNP3,none,50.36,50.77,-0.41
OT-00148,2026-08-03 16:49:00,RTU-01,Modbus,none,52.24,52.53,-0.29
OT-00144,2026-08-03 16:54:00,PLC-05,DNP3,none,44.78,43.88,0.9
OT-00185,2026-08-03 17:06:00,RTU-04,Modbus,none,49.18,47.9,1.28
OT-00154,2026-08-03 17:14:00,PLC-04,Modbus,none,56.08,55.83,0.25
OT-00159,2026-08-03 18:27:00,PLC-01,DNP3,none,49.48,49.85,-0.37
OT-00161,2026-08-03 18:30:00,PLC-01,DNP3,none,48.47,49.83,-1.36
OT-00176,2026-08-03 19:09:00,PLC-05,DNP3,none,56.63,57.28,-0.65
OT-00141,2026-08-03 19:54:00,RTU-05,DNP3,none,50.29,51.71,-1.42
OT-00160,2026-08-03 20:11:00,RTU-06,DNP3,none,50.77,49.75,1.02
OT-00182,2026-08-03 20:26:00,PLC-06,Modbus,none,47.01,47.79,-0.78
OT-00133,2026-08-03 20:46:00,RTU-03,DNP3,none,49.36,48.02,1.34
OT-00172,2026-08-03 20:46:00,PLC-03,Modbus,none,46.29,45.97,0.32
OT-00156,2026-08-03 20:51:00,RTU-08,Modbus,none,46.39,45.11,1.28
OT-00168,2026-08-03 22:02:00,RTU-06,DNP3,none,49.38,48.73,0.65
OT-00151,2026-08-03 22:16:00,PLC-05,DNP3,none,50.18,49.59,0.59
OT-00137,2026-08-03 22:46:00,RTU-04,Modbus,none,51.31,51.11,0.2
OT-00164,2026-08-03 22:51:00,PLC-03,Modbus,none,54.08,53.47,0.61
OT-00163,2026-08-03 23:14:00,PLC-03,DNP3,none,53.96,53.71,0.25
OT-00165,2026-08-03 23:40:00,PLC-03,DNP3,none,47.57,46.99,0.58
OT-00181,2026-08-03 23:43:00,RTU-07,Modbus,none,51.02,51.28,-0.26
OT-00218,2026-08-04 00:31:00,RTU-04,Modbus,none,43.47,44.72,-1.25
OT-00246,2026-08-04 00:33:00,PLC-01,Modbus,none,49.63,49.69,-0.06
OT-00201,2026-08-04 00:51:00,PLC-06,Modbus,none,51.59,51.5,0.09
OT-00232,2026-08-04 01:18:00,RTU-07,Modbus,none,44.95,46.15,-1.2
OT-00216,2026-08-04 01:20:00,RTU-03,Modbus,none,50.88,50.2,0.68
OT-00226,2026-08-04 01:45:00,RTU-07,Modbus,none,51.14,51.7,-0.56
OT-00253,2026-08-04 02:06:00,PLC-04,DNP3,none,48.48,50.6,-2.12
OT-00245,2026-08-04 02:07:00,PLC-05,DNP3,none,52.4,52.44,-0.04
OT-00202,2026-08-04 02:24:00,RTU-01,Modbus,none,52.29,51.93,0.36
OT-00189,2026-08-04 02:38:00,RTU-08,DNP3,none,51.52,52.36,-0.84
OT-00241,2026-08-04 02:49:00,PLC-04,Modbus,none,49.56,49.85,-0.29
OT-00219,2026-08-04 02:55:00,PLC-05,Modbus,none,49.98,50.94,-0.96
OT-00243,2026-08-04 03:07:00,PLC-01,DNP3,none,49.3,49.53,-0.23
OT-00196,2026-08-04 03:40:00,RTU-07,Modbus,none,50.08,49.09,0.99
OT-00193,2026-08-04 04:07:00,RTU-08,Modbus,none,50.37,51.1,-0.73
OT-00190,2026-08-04 04:10:00,RTU-07,Modbus,none,51.05,50.22,0.83
OT-00244,2026-08-04 04:22:00,RTU-01,DNP3,none,48.83,48.83,0.0
OT-00238,2026-08-04 04:58:00,PLC-04,Modbus,none,50.83,51.28,-0.45
OT-00217,2026-08-04 05:27:00,RTU-01,DNP3,none,49.01,48.38,0.63
OT-00215,2026-08-04 05:53:00,PLC-01,DNP3,none,58.66,58.19,0.47
OT-00254,2026-08-04 06:28:00,PLC-06,Modbus,none,49.86,49.29,0.57
OT-00223,2026-08-04 06:32:00,PLC-02,DNP3,none,47.96,47.17,0.79
OT-00194,2026-08-04 06:34:00,RTU-05,DNP3,none,52.92,52.07,0.85
OT-00242,2026-08-04 06:41:00,PLC-02,Modbus,none,48.19,49.04,-0.85
OT-00247,2026-08-04 06:56:00,RTU-04,DNP3,none,51.28,52.26,-0.98
OT-00230,2026-08-04 07:13:00,RTU-08,Modbus,none,46.3,47.18,-0.88
OT-00248,2026-08-04 07:23:00,PLC-01,Modbus,none,52.8,52.6,0.2
OT-00191,2026-08-04 07:32:00,PLC-01,Modbus,none,50.01,50.57,-0.56
OT-00240,2026-08-04 07:40:00,RTU-03,DNP3,none,50.98,50.86,0.12
OT-00208,2026-08-04 07:48:00,PLC-04,Modbus,none,50.49,50.72,-0.23
OT-00195,2026-08-04 07:50:00,PLC-03,Modbus,none,47.55,47.1,0.45
OT-00192,2026-08-04 08:03:00,PLC-04,DNP3,none,52.31,50.87,1.44
OT-00209,2026-08-04 08:28:00,RTU-02,DNP3,none,52.96,52.27,0.69
OT-00213,2026-08-04 08:42:00,PLC-03,DNP3,none,51.88,50.29,1.59
OT-00214,2026-08-04 09:09:00,PLC-03,Modbus,none,49.68,48.35,1.33
OT-00206,2026-08-04 09:10:00,RTU-06,Modbus,none,49.48,49.11,0.37
OT-00233,2026-08-04 09:43:00,RTU-02,DNP3,none,53.55,53.32,0.23
OT-00251,2026-08-04 09:53:00,RTU-05,Modbus,none,52.19,50.9,1.29
OT-00235,2026-08-04 10:01:00,PLC-02,Modbus,none,53.25,53.24,0.01
OT-00249,2026-08-04 10:31:00,RTU-05,Modbus,none,54.86,55.35,-0.49
OT-00225,2026-08-04 10:56:00,RTU-01,Modbus,none,47.38,48.14,-0.76
OT-00229,2026-08-04 11:48:00,RTU-07,Modbus,none,51.89,50.83,1.06
OT-00220,2026-08-04 11:48:00,RTU-03,DNP3,none,48.1,48.58,-0.48
OT-00234,2026-08-04 12:12:00,RTU-03,DNP3,none,49.93,49.64,0.29
OT-00250,2026-08-04 12:17:00,PLC-02,DNP3,none,46.6,47.04,-0.44
OT-00222,2026-08-04 12:28:00,PLC-05,DNP3,none,49.21,49.82,-0.61
OT-00236,2026-08-04 12:54:00,PLC-06,DNP3,none,44.77,44.56,0.21
OT-00199,2026-08-04 13:06:00,RTU-07,Modbus,none,51.36,52.37,-1.01
OT-00212,2026-08-04 13:44:00,RTU-03,Modbus,none,47.87,46.83,1.04
OT-00211,2026-08-04 14:03:00,RTU-06,DNP3,none,50.29,49.84,0.45
OT-00239,2026-08-04 14:05:00,RTU-03,Modbus,none,49.56,48.25,1.31
OT-00252,2026-08-04 14:21:00,PLC-03,Modbus,none,47.88,47.03,0.85
OT-00237,2026-08-04 15:22:00,RTU-07,DNP3,none,50.99,51.27,-0.28
OT-00198,2026-08-04 16:49:00,RTU-05,DNP3,none,56.64,55.34,1.3
OT-00224,2026-08-04 17:02:00,RTU-08,DNP3,none,50.37,50.44,-0.07
OT-00205,2026-08-04 17:47:00,RTU-06,DNP3,none,49.58,48.94,0.64
OT-00203,2026-08-04 18:20:00,RTU-05,DNP3,none,51.28,50.93,0.35
OT-00228,2026-08-04 20:09:00,PLC-06,Modbus,none,41.96,42.32,-0.36
OT-00231,2026-08-04 20:33:00,PLC-02,DNP3,none,47.63,48.13,-0.5
OT-00200,2026-08-04 20:41:00,RTU-06,Modbus,none,51.34,51.93,-0.59
OT-00204,2026-08-04 20:46:00,RTU-06,DNP3,none,45.36,47.31,-1.95
OT-00197,2026-08-04 21:06:00,RTU-06,Modbus,none,52.44,52.98,-0.54
OT-00210,2026-08-04 21:26:00,RTU-07,DNP3,none,55.05,53.54,1.51
OT-00221,2026-08-04 23:24:00,PLC-01,Modbus,none,52.62,52.64,-0.02
OT-00227,2026-08-04 23:55:00,PLC-02,DNP3,none,54.55,53.91,0.64
OT-00207,2026-08-04 23:58:00,RTU-07,Modbus,none,44.51,44.88,-0.37
OT-00259,2026-08-05 00:23:00,RTU-07,Modbus,none,52.72,53.42,-0.7
OT-00289,2026-08-05 01:02:00,PLC-04,Modbus,none,50.2,51.07,-0.87
OT-00284,2026-08-05 01:12:00,RTU-08,Modbus,none,46.02,46.69,-0.67
OT-00255,2026-08-05 01:13:00,RTU-07,DNP3,none,49.82,49.79,0.03
OT-00275,2026-08-05 01:27:00,RTU-06,Modbus,none,45.09,45.6,-0.51
OT-00295,2026-08-05 01:32:00,RTU-04,DNP3,none,49.43,50.77,-1.34
OT-00276,2026-08-05 02:54:00,PLC-05,DNP3,none,45.69,45.21,0.48
OT-00291,2026-08-05 03:14:00,PLC-03,DNP3,none,49.65,48.99,0.66
OT-00257,2026-08-05 03:42:00,PLC-05,DNP3,none,46.05,46.04,0.01
OT-00274,2026-08-05 04:19:00,RTU-01,Modbus,none,54.7,56.11,-1.41
OT-00278,2026-08-05 04:55:00,RTU-03,Modbus,none,56.54,56.46,0.08
OT-00271,2026-08-05 05:09:00,PLC-03,DNP3,none,49.76,50.56,-0.8
OT-00272,2026-08-05 05:14:00,RTU-04,Modbus,none,50.56,49.87,0.69
OT-00277,2026-08-05 05:18:00,RTU-03,DNP3,none,47.46,47.39,0.07
OT-00299,2026-08-05 05:27:00,RTU-05,DNP3,none,48.31,49.77,-1.46
OT-00258,2026-08-05 05:40:00,RTU-02,Modbus,none,42.33,44.82,-2.49
OT-00297,2026-08-05 05:55:00,RTU-03,Modbus,none,51.03,49.52,1.51
OT-00279,2026-08-05 06:42:00,PLC-04,Modbus,none,44.98,45.94,-0.96
OT-00287,2026-08-05 07:38:00,PLC-01,Modbus,none,57.31,56.32,0.99
OT-00263,2026-08-05 07:42:00,RTU-07,DNP3,none,48.24,48.29,-0.05
OT-00281,2026-08-05 08:13:00,PLC-01,DNP3,none,48.6,48.38,0.22
OT-00260,2026-08-05 08:44:00,PLC-04,Modbus,none,50.99,51.35,-0.36
OT-00290,2026-08-05 08:53:00,RTU-03,DNP3,none,44.77,44.81,-0.04
OT-00298,2026-08-05 09:16:00,RTU-06,Modbus,none,50.6,49.92,0.68
OT-00300,2026-08-05 09:29:00,RTU-04,DNP3,none,48.54,50.24,-1.7
OT-00266,2026-08-05 09:51:00,RTU-03,DNP3,none,48.05,48.59,-0.54
OT-00292,2026-08-05 10:14:00,RTU-06,DNP3,none,46.65,45.75,0.9
OT-00270,2026-08-05 10:51:00,RTU-04,DNP3,none,43.15,43.96,-0.81
OT-00294,2026-08-05 11:33:00,RTU-06,DNP3,none,55.62,55.19,0.43
OT-00273,2026-08-05 13:01:00,RTU-05,DNP3,none,47.81,47.79,0.02
OT-00296,2026-08-05 13:10:00,RTU-01,Modbus,none,50.69,51.11,-0.42
OT-00269,2026-08-05 14:14:00,PLC-03,DNP3,none,46.09,46.74,-0.65
OT-00286,2026-08-05 14:55:00,RTU-07,Modbus,none,43.81,43.75,0.06
OT-00262,2026-08-05 15:28:00,PLC-05,DNP3,none,47.55,48.61,-1.06
OT-00264,2026-08-05 15:47:00,PLC-01,DNP3,none,49.92,49.95,-0.03
OT-00256,2026-08-05 17:29:00,PLC-04,DNP3,none,47.7,47.45,0.25
OT-00288,2026-08-05 17:35:00,RTU-05,DNP3,none,48.38,48.46,-0.08
OT-00265,2026-08-05 18:21:00,RTU-03,DNP3,none,55.52,55.64,-0.12
OT-00268,2026-08-05 19:39:00,PLC-03,Modbus,none,52.34,53.85,-1.51
OT-00285,2026-08-05 20:30:00,RTU-05,DNP3,none,52.84,51.84,1.0
OT-00283,2026-08-05 20:42:00,PLC-02,DNP3,none,50.42,49.48,0.94
OT-00282,2026-08-05 22:02:00,RTU-03,DNP3,none,51.04,51.32,-0.28
OT-00280,2026-08-05 22:10:00,RTU-04,DNP3,none,53.27,52.81,0.46
OT-00267,2026-08-05 22:31:00,PLC-06,Modbus,none,51.75,52.27,-0.52
OT-00293,2026-08-05 23:09:00,PLC-04,DNP3,none,55.34,54.49,0.85
OT-00261,2026-08-05 23:23:00,RTU-06,DNP3,none,51.66,51.23,0.43
OT-00326,2026-08-06 00:14:00,PLC-01,DNP3,none,51.63,52.41,-0.78
OT-00327,2026-08-06 00:43:00,RTU-05,DNP3,none,49.37,51.07,-1.7
OT-00315,2026-08-06 00:51:00,RTU-04,Modbus,none,47.52,48.47,-0.95
OT-00332,2026-08-06 01:20:00,PLC-06,DNP3,none,53.13,53.91,-0.78
OT-00336,2026-08-06 02:26:00,PLC-05,Modbus,none,55.65,54.82,0.83
OT-00337,2026-08-06 03:03:00,PLC-06,Modbus,none,48.26,47.55,0.71
OT-00346,2026-08-06 03:52:00,RTU-06,DNP3,none,41.0,41.39,-0.39
OT-00331,2026-08-06 04:17:00,PLC-04,Modbus,none,48.16,48.08,0.08
OT-00301,2026-08-06 04:24:00,PLC-04,DNP3,none,52.08,51.88,0.2
OT-00350,2026-08-06 04:34:00,PLC-03,DNP3,none,50.98,51.48,-0.5
OT-00324,2026-08-06 04:53:00,PLC-03,Modbus,none,47.83,47.81,0.02
OT-00319,2026-08-06 05:06:00,PLC-02,Modbus,none,50.65,49.84,0.81
OT-00314,2026-08-06 05:19:00,PLC-02,Modbus,none,55.3,55.02,0.28
OT-00318,2026-08-06 06:03:00,PLC-03,DNP3,none,45.27,44.34,0.93
OT-00355,2026-08-06 06:50:00,RTU-05,Modbus,none,52.79,54.18,-1.39
OT-00335,2026-08-06 07:04:00,RTU-05,Modbus,none,56.18,56.94,-0.76
OT-00353,2026-08-06 07:38:00,PLC-03,Modbus,none,57.28,56.7,0.58
OT-00347,2026-08-06 07:53:00,PLC-03,DNP3,none,51.61,50.34,1.27
OT-00341,2026-08-06 07:54:00,RTU-02,Modbus,none,45.47,45.73,-0.26
OT-00359,2026-08-06 08:08:00,PLC-02,Modbus,none,51.79,51.53,0.26
OT-00304,2026-08-06 08:27:00,PLC-04,Modbus,none,41.42,41.78,-0.36
OT-00334,2026-08-06 09:34:00,RTU-05,Modbus,none,50.41,50.0,0.41
OT-00360,2026-08-06 09:45:00,RTU-01,Modbus,none,52.87,52.81,0.06
OT-00349,2026-08-06 09:59:00,RTU-06,DNP3,none,54.59,54.06,0.53
OT-00345,2026-08-06 10:31:00,PLC-04,Modbus,none,50.91,51.38,-0.47
OT-00340,2026-08-06 10:38:00,PLC-02,DNP3,none,48.83,49.4,-0.57
OT-00333,2026-08-06 10:52:00,PLC-05,Modbus,none,56.33,56.09,0.24
OT-00358,2026-08-06 10:59:00,RTU-06,Modbus,none,52.35,52.26,0.09
OT-00343,2026-08-06 11:39:00,RTU-02,Modbus,none,49.49,50.24,-0.75
OT-00342,2026-08-06 12:25:00,RTU-01,Modbus,none,54.83,54.45,0.38
OT-00308,2026-08-06 12:41:00,PLC-01,DNP3,none,51.23,52.48,-1.25
OT-00325,2026-08-06 12:58:00,RTU-01,DNP3,none,48.89,48.83,0.06
OT-00316,2026-08-06 13:33:00,RTU-01,Modbus,none,52.96,53.28,-0.32
OT-00312,2026-08-06 13:34:00,PLC-04,Modbus,none,43.91,45.23,-1.32
OT-00306,2026-08-06 13:49:00,RTU-04,Modbus,none,49.22,50.59,-1.37
OT-00328,2026-08-06 14:12:00,PLC-03,DNP3,none,53.28,53.66,-0.38
OT-00320,2026-08-06 14:18:00,RTU-08,Modbus,none,46.37,47.69,-1.32
OT-00311,2026-08-06 14:33:00,PLC-02,Modbus,none,48.54,49.1,-0.56
OT-00310,2026-08-06 14:48:00,RTU-03,DNP3,none,52.38,52.34,0.04
OT-00305,2026-08-06 16:54:00,RTU-01,DNP3,none,52.58,51.68,0.9
OT-00322,2026-08-06 17:30:00,RTU-05,Modbus,none,54.84,54.12,0.72
OT-00356,2026-08-06 17:31:00,PLC-03,Modbus,none,49.71,49.76,-0.05
OT-00339,2026-08-06 17:35:00,PLC-03,DNP3,none,53.71,52.39,1.32
OT-00323,2026-08-06 17:50:00,PLC-01,DNP3,none,53.4,53.06,0.34
OT-00330,2026-08-06 18:12:00,PLC-03,DNP3,none,50.89,50.21,0.68
OT-00309,2026-08-06 18:20:00,PLC-03,DNP3,none,48.31,47.97,0.34
OT-00344,2026-08-06 18:35:00,RTU-07,DNP3,none,45.47,45.9,-0.43
OT-00352,2026-08-06 18:36:00,RTU-03,DNP3,none,46.39,47.9,-1.51
OT-00354,2026-08-06 18:59:00,PLC-06,DNP3,none,48.78,47.13,1.65
OT-00338,2026-08-06 19:01:00,PLC-06,DNP3,none,51.68,51.83,-0.15
OT-00307,2026-08-06 19:13:00,PLC-03,Modbus,none,51.57,51.26,0.31
OT-00317,2026-08-06 20:04:00,RTU-05,DNP3,none,42.03,42.13,-0.1
OT-00361,2026-08-06 20:21:00,PLC-04,Modbus,none,49.54,49.34,0.2
OT-00329,2026-08-06 21:06:00,RTU-02,DNP3,none,50.16,49.17,0.99
OT-00302,2026-08-06 22:04:00,PLC-05,Modbus,none,50.05,50.38,-0.33
OT-00321,2026-08-06 22:30:00,RTU-07,Modbus,none,47.83,47.53,0.3
OT-00313,2026-08-06 22:30:00,PLC-03,DNP3,none,51.53,50.91,0.62
OT-00348,2026-08-06 22:39:00,RTU-07,DNP3,none,47.39,46.09,1.3
OT-00303,2026-08-06 22:49:00,PLC-03,Modbus,none,50.88,51.02,-0.14
OT-00351,2026-08-06 23:10:00,PLC-06,Modbus,none,46.85,45.56,1.29
OT-00357,2026-08-06 23:35:00,RTU-01,Modbus,none,46.95,46.77,0.18
OT-00386,2026-08-07 00:00:00,PLC-03,DNP3,none,52.18,51.86,0.32
OT-00423,2026-08-07 00:07:00,RTU-05,Modbus,none,52.92,53.49,-0.57
OT-00388,2026-08-07 00:26:00,RTU-06,Modbus,none,50.15,50.4,-0.25
OT-00393,2026-08-07 00:34:00,RTU-01,DNP3,none,55.42,56.07,-0.65
OT-00391,2026-08-07 00:44:00,PLC-04,Modbus,none,44.41,44.21,0.2
OT-00399,2026-08-07 01:07:00,PLC-02,DNP3,none,48.55,48.31,0.24
OT-00426,2026-08-07 01:17:00,RTU-08,Modbus,none,45.45,44.43,1.02
OT-00385,2026-08-07 01:21:00,RTU-03,DNP3,none,51.48,50.31,1.17
OT-00380,2026-08-07 02:02:00,PLC-02,DNP3,none,46.54,48.02,-1.48
OT-00383,2026-08-07 02:46:00,RTU-04,DNP3,none,46.56,47.17,-0.61
OT-00395,2026-08-07 03:03:00,RTU-03,Modbus,none,52.46,53.31,-0.85
OT-00382,2026-08-07 03:09:00,RTU-05,DNP3,none,47.75,47.02,0.73
OT-00407,2026-08-07 03:35:00,PLC-04,Modbus,none,47.47,48.0,-0.53
OT-00377,2026-08-07 04:11:00,RTU-02,Modbus,none,51.92,51.49,0.43
OT-00365,2026-08-07 05:16:00,PLC-04,DNP3,none,47.23,47.86,-0.63
OT-00428,2026-08-07 05:38:00,RTU-08,Modbus,none,47.46,47.07,0.39
OT-00389,2026-08-07 06:05:00,PLC-03,Modbus,none,46.22,47.05,-0.83
OT-00420,2026-08-07 06:10:00,RTU-02,DNP3,none,47.56,46.74,0.82
OT-00410,2026-08-07 06:14:00,RTU-07,Modbus,none,47.42,48.08,-0.66
OT-00363,2026-08-07 06:44:00,PLC-03,Modbus,none,46.68,47.0,-0.32
OT-00364,2026-08-07 06:46:00,RTU-06,Modbus,none,51.78,52.22,-0.44
OT-00370,2026-08-07 06:49:00,RTU-06,DNP3,none,48.57,49.28,-0.71
OT-00418,2026-08-07 06:52:00,PLC-02,Modbus,none,51.65,52.15,-0.5
OT-00362,2026-08-07 06:55:00,PLC-01,DNP3,none,45.12,46.44,-1.32
OT-00419,2026-08-07 07:08:00,PLC-02,DNP3,none,54.85,53.02,1.83
OT-00384,2026-08-07 07:28:00,PLC-03,Modbus,none,50.72,51.44,-0.72
OT-00387,2026-08-07 07:49:00,PLC-06,Modbus,none,53.91,52.96,0.95
OT-00369,2026-08-07 07:55:00,PLC-05,DNP3,none,44.81,45.24,-0.43
OT-00404,2026-08-07 08:15:00,PLC-05,Modbus,none,55.95,55.35,0.6
OT-00392,2026-08-07 09:21:00,PLC-04,Modbus,none,47.37,48.04,-0.67
OT-00368,2026-08-07 09:45:00,PLC-05,DNP3,none,49.46,49.17,0.29
OT-00413,2026-08-07 09:45:00,PLC-04,Modbus,none,51.63,50.71,0.92
OT-00372,2026-08-07 09:47:00,RTU-06,DNP3,none,53.31,52.47,0.84
OT-00378,2026-08-07 10:23:00,RTU-08,Modbus,none,43.88,45.48,-1.6
OT-00415,2026-08-07 10:35:00,PLC-01,Modbus,none,49.13,48.39,0.74
OT-00397,2026-08-07 11:08:00,PLC-04,Modbus,none,48.75,50.36,-1.61
OT-00409,2026-08-07 11:11:00,RTU-03,DNP3,none,50.48,49.2,1.28
OT-00406,2026-08-07 11:37:00,RTU-02,DNP3,none,48.85,49.05,-0.2
OT-00412,2026-08-07 11:50:00,RTU-05,Modbus,none,49.65,49.06,0.59
OT-00373,2026-08-07 11:59:00,RTU-03,Modbus,none,50.15,49.31,0.84
OT-00374,2026-08-07 12:40:00,PLC-02,Modbus,none,50.85,49.71,1.14
OT-00405,2026-08-07 13:15:00,RTU-01,DNP3,none,48.19,48.13,0.06
OT-00379,2026-08-07 14:24:00,RTU-07,Modbus,none,53.51,52.62,0.89
OT-00394,2026-08-07 14:31:00,PLC-06,Modbus,none,51.48,51.16,0.32
OT-00427,2026-08-07 14:47:00,RTU-06,DNP3,none,51.54,51.67,-0.13
OT-00375,2026-08-07 14:49:00,RTU-04,DNP3,none,51.36,52.36,-1.0
OT-00398,2026-08-07 15:03:00,PLC-01,DNP3,none,47.59,46.44,1.15
OT-00400,2026-08-07 15:59:00,PLC-01,Modbus,none,49.4,49.4,0.0
OT-00414,2026-08-07 17:00:00,RTU-06,Modbus,none,47.14,46.74,0.4
OT-00381,2026-08-07 17:08:00,RTU-06,DNP3,none,50.26,48.68,1.58
OT-00408,2026-08-07 17:19:00,RTU-07,DNP3,none,52.44,53.44,-1.0
OT-00366,2026-08-07 17:34:00,PLC-05,DNP3,none,52.54,51.8,0.74
OT-00416,2026-08-07 17:37:00,PLC-06,DNP3,none,52.61,51.84,0.77
OT-00424,2026-08-07 17:45:00,PLC-04,DNP3,none,54.02,53.89,0.13
OT-00390,2026-08-07 18:09:00,PLC-06,Modbus,none,50.78,49.92,0.86
OT-00367,2026-08-07 18:44:00,PLC-03,Modbus,none,51.99,51.18,0.81
OT-00396,2026-08-07 18:44:00,RTU-02,Modbus,none,51.85,50.94,0.91
OT-00422,2026-08-07 19:01:00,RTU-03,DNP3,none,48.92,49.98,-1.06
OT-00402,2026-08-07 19:08:00,PLC-05,DNP3,none,51.95,50.41,1.54
OT-00371,2026-08-07 19:54:00,RTU-02,Modbus,none,50.12,49.44,0.68
OT-00421,2026-08-07 20:09:00,PLC-02,Modbus,none,48.17,48.23,-0.06
OT-00411,2026-08-07 20:54:00,RTU-04,DNP3,none,52.25,51.31,0.94
OT-00403,2026-08-07 21:39:00,RTU-05,Modbus,none,55.54,55.98,-0.44
OT-00376,2026-08-07 22:11:00,PLC-03,DNP3,none,45.73,45.54,0.19
OT-00401,2026-08-07 22:21:00,RTU-05,DNP3,none,49.49,49.83,-0.34
OT-00425,2026-08-07 22:43:00,RTU-05,Modbus,none,54.45,55.27,-0.82
OT-00417,2026-08-07 23:03:00,RTU-05,Modbus,none,51.87,52.83,-0.96
OT-00469,2026-08-08 01:14:00,PLC-02,DNP3,none,37.37,36.83,0.54
OT-00434,2026-08-08 01:37:00,PLC-06,Modbus,none,47.63,47.83,-0.2
OT-00456,2026-08-08 01:37:00,PLC-03,DNP3,none,50.07,49.75,0.32
OT-00441,2026-08-08 01:59:00,PLC-04,Modbus,none,48.85,48.79,0.06
OT-00452,2026-08-08 02:14:00,RTU-02,DNP3,none,47.27,45.97,1.3
OT-00453,2026-08-08 02:35:00,RTU-03,DNP3,none,45.41,46.03,-0.62
OT-00445,2026-08-08 03:02:00,RTU-02,Modbus,none,51.8,51.83,-0.03
OT-00468,2026-08-08 03:44:00,RTU-04,Modbus,none,44.55,44.94,-0.39
OT-00443,2026-08-08 04:42:00,PLC-06,DNP3,none,52.42,52.55,-0.13
OT-00451,2026-08-08 04:57:00,PLC-01,DNP3,none,50.69,50.49,0.2
OT-00437,2026-08-08 04:58:00,PLC-03,Modbus,none,42.45,43.32,-0.87
OT-00433,2026-08-08 05:09:00,PLC-05,Modbus,none,53.92,52.39,1.53
OT-00472,2026-08-08 05:21:00,RTU-05,Modbus,none,51.42,51.75,-0.33
OT-00483,2026-08-08 08:18:00,RTU-05,Modbus,none,46.58,47.37,-0.79
OT-00470,2026-08-08 08:50:00,PLC-06,DNP3,none,52.34,54.56,-2.22
OT-00449,2026-08-08 08:50:00,RTU-06,DNP3,none,53.23,52.96,0.27
OT-00440,2026-08-08 09:16:00,RTU-01,DNP3,none,52.68,53.91,-1.23
OT-00442,2026-08-08 10:44:00,RTU-02,DNP3,none,47.58,47.04,0.54
OT-00474,2026-08-08 11:07:00,RTU-03,DNP3,none,46.19,47.46,-1.27
OT-00429,2026-08-08 11:58:00,RTU-08,DNP3,none,52.53,52.77,-0.24
OT-00455,2026-08-08 12:05:00,PLC-02,Modbus,none,47.72,48.97,-1.25
OT-00482,2026-08-08 12:36:00,RTU-07,DNP3,none,52.12,52.55,-0.43
OT-00481,2026-08-08 12:46:00,PLC-04,Modbus,none,47.16,48.48,-1.32
OT-00439,2026-08-08 13:10:00,RTU-03,Modbus,none,51.6,51.28,0.32
OT-00431,2026-08-08 14:33:00,RTU-07,Modbus,none,52.62,51.91,0.71
OT-00450,2026-08-08 14:51:00,PLC-03,Modbus,none,49.98,49.53,0.45
OT-00435,2026-08-08 14:55:00,RTU-03,Modbus,none,49.0,48.37,0.63
OT-00463,2026-08-08 14:57:00,PLC-05,DNP3,none,51.07,51.14,-0.07
OT-00478,2026-08-08 15:34:00,RTU-08,Modbus,none,51.66,50.86,0.8
OT-00465,2026-08-08 16:30:00,RTU-06,Modbus,none,47.37,47.92,-0.55
OT-00438,2026-08-08 16:30:00,RTU-06,Modbus,none,46.75,47.16,-0.41
OT-00485,2026-08-08 16:43:00,RTU-07,Modbus,none,48.72,48.94,-0.22
OT-00462,2026-08-08 16:45:00,RTU-02,DNP3,none,50.35,49.0,1.35
OT-00480,2026-08-08 16:46:00,PLC-05,DNP3,none,51.18,51.16,0.02
OT-00464,2026-08-08 17:01:00,RTU-04,DNP3,none,50.48,50.3,0.18
OT-00484,2026-08-08 17:06:00,RTU-07,Modbus,none,54.59,54.11,0.48
OT-00444,2026-08-08 17:44:00,PLC-03,Modbus,none,50.47,50.65,-0.18
OT-00432,2026-08-08 17:47:00,RTU-07,Modbus,none,48.41,48.4,0.01
OT-00473,2026-08-08 17:52:00,RTU-06,Modbus,none,56.15,55.25,0.9
OT-00436,2026-08-08 18:04:00,PLC-01,Modbus,none,52.35,51.77,0.58
OT-00477,2026-08-08 18:06:00,PLC-05,DNP3,none,50.81,50.51,0.3
OT-00459,2026-08-08 18:19:00,PLC-03,Modbus,none,52.2,52.35,-0.15
OT-00467,2026-08-08 18:19:00,RTU-05,DNP3,none,53.45,51.42,2.03
OT-00479,2026-08-08 18:44:00,PLC-02,DNP3,none,48.92,49.44,-0.52
OT-00454,2026-08-08 19:02:00,RTU-05,Modbus,none,46.26,46.36,-0.1
OT-00476,2026-08-08 19:06:00,PLC-03,DNP3,none,47.92,49.48,-1.56
OT-00471,2026-08-08 19:09:00,PLC-04,DNP3,none,43.31,42.95,0.36
OT-00458,2026-08-08 19:13:00,RTU-08,DNP3,none,46.4,46.84,-0.44
OT-00460,2026-08-08 19:46:00,PLC-06,DNP3,none,51.26,50.51,0.75
OT-00447,2026-08-08 20:41:00,PLC-01,Modbus,none,46.47,46.36,0.11
OT-00461,2026-08-08 21:18:00,RTU-06,Modbus,none,50.81,50.96,-0.15
OT-00446,2026-08-08 21:21:00,PLC-01,DNP3,none,45.82,46.54,-0.72
OT-00430,2026-08-08 21:31:00,RTU-07,DNP3,none,49.06,48.84,0.22
OT-00448,2026-08-08 21:34:00,PLC-01,Modbus,none,46.34,46.39,-0.05
OT-00475,2026-08-08 21:58:00,PLC-04,DNP3,none,46.33,45.71,0.62
OT-00466,2026-08-08 23:02:00,RTU-06,DNP3,none,48.74,48.83,-0.09
OT-00457,2026-08-08 23:57:00,RTU-05,DNP3,none,53.39,53.08,0.31
OT-00512,2026-08-09 00:14:00,RTU-08,DNP3,none,50.85,51.23,-0.38
OT-00488,2026-08-09 01:11:00,RTU-07,DNP3,none,49.26,50.06,-0.8
OT-00497,2026-08-09 02:28:00,RTU-03,Modbus,none,54.01,53.4,0.61
OT-00505,2026-08-09 03:37:00,PLC-01,DNP3,none,51.72,51.76,-0.04
OT-00487,2026-08-09 05:05:00,RTU-08,DNP3,none,44.24,44.46,-0.22
OT-00508,2026-08-09 05:17:00,PLC-05,Modbus,none,48.41,48.45,-0.04
OT-00513,2026-08-09 05:41:00,PLC-04,Modbus,none,53.1,53.35,-0.25
OT-00520,2026-08-09 08:37:00,RTU-05,Modbus,none,50.79,50.63,0.16
OT-00536,2026-08-09 08:52:00,PLC-06,DNP3,none,49.81,49.35,0.46
OT-00530,2026-08-09 09:45:00,PLC-05,Modbus,none,57.48,57.34,0.14
OT-00535,2026-08-09 10:22:00,RTU-03,DNP3,none,56.72,55.12,1.6
OT-00500,2026-08-09 11:09:00,RTU-04,Modbus,none,51.86,50.97,0.89
OT-00495,2026-08-09 11:42:00,PLC-04,DNP3,none,51.2,50.1,1.1
OT-00531,2026-08-09 12:07:00,PLC-01,Modbus,none,52.93,53.33,-0.4
OT-00515,2026-08-09 12:22:00,PLC-02,Modbus,none,51.86,51.4,0.46
OT-00528,2026-08-09 12:27:00,PLC-04,Modbus,none,50.96,51.45,-0.49
OT-00516,2026-08-09 12:27:00,RTU-07,Modbus,none,48.98,48.76,0.22
OT-00532,2026-08-09 12:44:00,PLC-04,DNP3,none,54.38,53.47,0.91
OT-00525,2026-08-09 12:57:00,RTU-06,Modbus,none,53.74,53.22,0.52
OT-00506,2026-08-09 13:06:00,PLC-06,DNP3,none,51.04,50.95,0.09
OT-00496,2026-08-09 13:17:00,PLC-01,Modbus,none,44.78,44.42,0.36
OT-00507,2026-08-09 13:35:00,RTU-04,DNP3,none,47.98,48.2,-0.22
OT-00529,2026-08-09 14:39:00,RTU-07,Modbus,none,54.34,53.97,0.37
OT-00524,2026-08-09 14:40:00,RTU-05,Modbus,none,54.8,54.34,0.46
OT-00492,2026-08-09 14:49:00,RTU-01,Modbus,none,51.54,51.42,0.12
OT-00511,2026-08-09 15:14:00,PLC-06,Modbus,none,53.0,51.18,1.82
OT-00489,2026-08-09 15:34:00,RTU-04,DNP3,none,51.42,51.29,0.13
OT-00494,2026-08-09 16:44:00,PLC-02,Modbus,none,49.29,48.37,0.92
OT-00522,2026-08-09 16:45:00,RTU-04,Modbus,none,45.25,45.72,-0.47
OT-00502,2026-08-09 16:46:00,RTU-01,Modbus,none,41.7,39.77,1.93
OT-00526,2026-08-09 16:57:00,PLC-02,Modbus,none,49.8,49.18,0.62
OT-00533,2026-08-09 17:07:00,PLC-05,Modbus,none,50.45,49.82,0.63
OT-00521,2026-08-09 17:32:00,RTU-01,DNP3,none,44.8,44.06,0.74
OT-00510,2026-08-09 17:49:00,PLC-04,Modbus,none,49.73,50.08,-0.35
OT-00499,2026-08-09 17:57:00,PLC-03,Modbus,none,44.91,45.5,-0.59
OT-00534,2026-08-09 18:09:00,PLC-05,Modbus,none,56.64,55.92,0.72
OT-00527,2026-08-09 18:34:00,RTU-06,Modbus,none,54.91,53.95,0.96
OT-00504,2026-08-09 18:47:00,RTU-02,DNP3,none,54.88,54.96,-0.08
OT-00509,2026-08-09 19:18:00,PLC-03,DNP3,none,46.68,47.26,-0.58
OT-00517,2026-08-09 19:32:00,PLC-01,Modbus,none,50.72,51.03,-0.31
OT-00518,2026-08-09 20:00:00,RTU-05,Modbus,none,47.88,49.39,-1.51
OT-00501,2026-08-09 20:35:00,PLC-06,DNP3,none,50.04,50.72,-0.68
OT-00491,2026-08-09 20:51:00,PLC-06,Modbus,none,49.27,49.28,-0.01
OT-00514,2026-08-09 21:02:00,PLC-04,DNP3,none,49.1,49.55,-0.45
OT-00490,2026-08-09 21:13:00,PLC-06,DNP3,none,40.91,40.6,0.31
OT-00486,2026-08-09 21:17:00,PLC-02,DNP3,none,56.8,56.6,0.2
OT-00523,2026-08-09 21:30:00,PLC-02,DNP3,none,52.59,51.44,1.15
OT-00493,2026-08-09 22:15:00,RTU-08,Modbus,none,59.66,59.54,0.12
OT-00503,2026-08-09 23:03:00,RTU-08,DNP3,none,55.5,55.78,-0.28
OT-00498,2026-08-09 23:16:00,PLC-02,Modbus,none,52.38,51.96,0.42
OT-00519,2026-08-09 23:41:00,RTU-05,Modbus,none,57.28,57.59,-0.31
OT-00557,2026-08-10 00:13:00,RTU-07,Modbus,none,47.87,48.31,-0.44
OT-00541,2026-08-10 00:56:00,RTU-06,Modbus,none,51.83,51.58,0.25
OT-00545,2026-08-10 01:25:00,RTU-02,Modbus,none,51.04,51.59,-0.55
OT-00548,2026-08-10 01:56:00,PLC-02,Modbus,none,49.77,51.99,-2.22
OT-00550,2026-08-10 02:03:00,RTU-01,DNP3,none,43.74,43.18,0.56
OT-00539,2026-08-10 02:19:00,PLC-01,Modbus,none,49.47,50.16,-0.69
OT-00554,2026-08-10 03:02:00,RTU-01,Modbus,none,53.02,53.66,-0.64
OT-00552,2026-08-10 03:32:00,RTU-06,DNP3,none,51.18,52.34,-1.16
OT-00582,2026-08-10 03:33:00,RTU-01,DNP3,none,43.86,42.22,1.64
OT-00580,2026-08-10 03:39:00,RTU-04,DNP3,none,51.24,52.16,-0.92
OT-00576,2026-08-10 03:58:00,PLC-01,Modbus,none,55.89,55.97,-0.08
OT-00562,2026-08-10 04:45:00,PLC-02,Modbus,none,55.0,54.84,0.16
OT-00544,2026-08-10 05:01:00,PLC-04,Modbus,none,50.41,49.69,0.72
OT-00549,2026-08-10 05:51:00,RTU-02,Modbus,none,51.82,52.53,-0.71
OT-00551,2026-08-10 08:25:00,PLC-03,Modbus,none,51.11,51.28,-0.17
OT-00565,2026-08-10 08:56:00,RTU-03,Modbus,none,49.92,51.23,-1.31
OT-00571,2026-08-10 08:58:00,PLC-01,Modbus,none,50.93,51.17,-0.24
OT-00558,2026-08-10 08:59:00,RTU-03,Modbus,none,54.33,54.5,-0.17
OT-00555,2026-08-10 09:28:00,RTU-08,Modbus,none,54.93,54.58,0.35
OT-00543,2026-08-10 09:49:00,PLC-05,Modbus,none,57.17,58.13,-0.96
OT-00581,2026-08-10 10:24:00,RTU-08,Modbus,none,46.64,46.0,0.64
OT-00537,2026-08-10 10:24:00,PLC-04,Modbus,none,49.89,50.15,-0.26
OT-00566,2026-08-10 10:30:00,RTU-08,Modbus,none,49.45,50.14,-0.69
OT-00570,2026-08-10 10:47:00,PLC-03,Modbus,none,43.67,43.39,0.28
OT-00577,2026-08-10 11:18:00,RTU-06,DNP3,none,51.5,51.93,-0.43
OT-00575,2026-08-10 11:46:00,RTU-08,Modbus,none,48.94,49.53,-0.59
OT-00559,2026-08-10 12:02:00,PLC-06,Modbus,none,51.57,51.7,-0.13
OT-00572,2026-08-10 12:23:00,PLC-06,DNP3,none,50.98,51.63,-0.65
OT-00546,2026-08-10 12:42:00,RTU-02,DNP3,none,44.32,45.25,-0.93
OT-00540,2026-08-10 13:03:00,RTU-03,DNP3,none,55.03,54.87,0.16
OT-00574,2026-08-10 14:02:00,PLC-03,DNP3,none,50.52,49.82,0.7
OT-00563,2026-08-10 14:41:00,RTU-04,DNP3,none,50.53,49.84,0.69
OT-00567,2026-08-10 16:00:00,RTU-03,DNP3,none,46.32,45.47,0.85
OT-00578,2026-08-10 16:23:00,PLC-04,Modbus,none,52.88,53.3,-0.42
OT-00569,2026-08-10 16:39:00,RTU-01,DNP3,none,51.57,51.5,0.07
OT-00573,2026-08-10 17:01:00,RTU-02,DNP3,none,48.73,49.81,-1.08
OT-00560,2026-08-10 17:17:00,RTU-05,Modbus,none,46.81,48.51,-1.7
OT-00556,2026-08-10 18:28:00,RTU-02,Modbus,none,50.89,49.85,1.04
OT-00547,2026-08-10 20:04:00,RTU-02,Modbus,none,51.23,50.74,0.49
OT-00579,2026-08-10 20:31:00,RTU-03,Modbus,none,52.81,51.5,1.31
OT-00553,2026-08-10 20:43:00,RTU-04,Modbus,none,47.07,45.79,1.28
OT-00542,2026-08-10 21:44:00,RTU-02,DNP3,none,51.12,51.36,-0.24
OT-00568,2026-08-10 21:50:00,RTU-04,DNP3,none,44.76,44.88,-0.12
OT-00561,2026-08-10 22:39:00,RTU-04,Modbus,none,48.29,49.06,-0.77
OT-00564,2026-08-10 22:49:00,PLC-03,DNP3,none,50.84,51.64,-0.8
OT-00538,2026-08-10 23:46:00,PLC-04,DNP3,none,49.62,49.51,0.11
OT-00603,2026-08-11 00:42:00,RTU-05,Modbus,none,48.11,48.94,-0.83
OT-00608,2026-08-11 01:14:00,RTU-06,Modbus,none,50.41,51.02,-0.61
OT-00626,2026-08-11 02:43:00,RTU-03,Modbus,none,53.09,53.77,-0.68
OT-00591,2026-08-11 02:53:00,RTU-04,Modbus,none,49.48,49.36,0.12
OT-00587,2026-08-11 03:10:00,PLC-04,DNP3,none,53.84,53.05,0.79
OT-00620,2026-08-11 03:52:00,PLC-02,DNP3,none,49.07,49.05,0.02
OT-00623,2026-08-11 04:08:00,RTU-05,Modbus,none,55.29,55.42,-0.13
OT-00597,2026-08-11 04:33:00,PLC-04,Modbus,none,49.09,49.94,-0.85
OT-00621,2026-08-11 04:52:00,RTU-03,DNP3,none,49.09,49.11,-0.02
OT-00617,2026-08-11 05:12:00,RTU-07,Modbus,none,47.64,48.14,-0.5
OT-00606,2026-08-11 05:22:00,RTU-04,DNP3,none,57.31,56.25,1.06
OT-00583,2026-08-11 05:27:00,RTU-05,DNP3,none,45.0,45.65,-0.65
OT-00625,2026-08-11 07:12:00,RTU-03,Modbus,none,49.51,49.9,-0.39
OT-00618,2026-08-11 07:42:00,PLC-06,Modbus,none,51.24,50.63,0.61
OT-00607,2026-08-11 08:11:00,PLC-01,Modbus,none,47.77,46.4,1.37
OT-00588,2026-08-11 08:36:00,PLC-06,Modbus,none,49.61,49.87,-0.26
OT-00605,2026-08-11 08:42:00,RTU-08,DNP3,none,52.18,51.64,0.54
OT-00598,2026-08-11 08:53:00,RTU-05,DNP3,none,55.68,54.34,1.34
OT-00622,2026-08-11 09:12:00,PLC-06,DNP3,none,49.63,49.62,0.01
OT-00614,2026-08-11 09:25:00,PLC-03,Modbus,none,51.06,51.66,-0.6
OT-00616,2026-08-11 10:07:00,RTU-08,DNP3,none,46.24,45.11,1.13
OT-00593,2026-08-11 11:02:00,PLC-04,Modbus,none,50.29,48.69,1.6
OT-00624,2026-08-11 11:09:00,PLC-04,DNP3,none,45.22,46.05,-0.83
OT-00589,2026-08-11 11:25:00,RTU-03,DNP3,none,55.48,55.23,0.25
OT-00609,2026-08-11 11:28:00,RTU-08,Modbus,none,46.78,46.75,0.03
OT-00610,2026-08-11 13:20:00,RTU-06,DNP3,none,49.67,48.86,0.81
OT-00585,2026-08-11 14:25:00,RTU-02,Modbus,none,53.58,52.13,1.45
OT-00594,2026-08-11 14:35:00,RTU-04,Modbus,none,48.98,49.21,-0.23
OT-00595,2026-08-11 15:12:00,PLC-03,Modbus,none,52.5,51.47,1.03
OT-00596,2026-08-11 16:16:00,PLC-03,DNP3,none,51.22,50.51,0.71
OT-00619,2026-08-11 16:52:00,RTU-05,DNP3,none,48.74,48.02,0.72
OT-00592,2026-08-11 17:27:00,PLC-02,Modbus,none,53.31,54.36,-1.05
OT-00613,2026-08-11 17:41:00,RTU-07,Modbus,none,48.98,49.34,-0.36
OT-00602,2026-08-11 20:05:00,PLC-03,Modbus,none,50.8,49.39,1.41
OT-00615,2026-08-11 20:28:00,RTU-08,DNP3,none,47.63,47.51,0.12
OT-00604,2026-08-11 21:09:00,PLC-06,Modbus,none,48.15,48.09,0.06
OT-00612,2026-08-11 21:38:00,RTU-04,DNP3,none,51.5,52.56,-1.06
OT-00601,2026-08-11 22:29:00,RTU-03,Modbus,none,48.59,49.1,-0.51
OT-00600,2026-08-11 22:38:00,PLC-04,DNP3,none,46.32,47.97,-1.65
OT-00599,2026-08-11 22:59:00,PLC-05,Modbus,none,50.63,49.87,0.76
OT-00586,2026-08-11 23:38:00,RTU-08,Modbus,none,45.86,46.13,-0.27
OT-00590,2026-08-11 23:39:00,PLC-05,DNP3,none,58.38,57.34,1.04
OT-00584,2026-08-11 23:49:00,RTU-07,Modbus,none,45.84,46.7,-0.86
OT-00611,2026-08-11 23:54:00,PLC-05,Modbus,none,51.57,50.2,1.37
OT-00656,2026-08-12 00:00:00,RTU-04,DNP3,none,48.15,48.43,-0.28
OT-00631,2026-08-12 00:17:00,PLC-05,Modbus,none,52.2,51.29,0.91
OT-00676,2026-08-12 00:29:00,RTU-05,DNP3,none,49.76,49.73,0.03
OT-00655,2026-08-12 01:54:00,RTU-05,Modbus,none,54.71,53.23,1.48
OT-00685,2026-08-12 02:00:00,RTU-02,Modbus,none,49.09,49.26,-0.17
OT-00677,2026-08-12 02:10:00,RTU-03,DNP3,none,49.62,49.98,-0.36
OT-00675,2026-08-12 02:36:00,RTU-02,DNP3,none,54.75,54.26,0.49
OT-00674,2026-08-12 02:59:00,PLC-04,Modbus,none,51.34,50.62,0.72
OT-00653,2026-08-12 03:00:00,RTU-03,Modbus,none,55.75,56.21,-0.46
OT-00636,2026-08-12 03:14:00,RTU-01,DNP3,none,52.94,53.7,-0.76
OT-00632,2026-08-12 03:55:00,PLC-05,Modbus,none,49.5,51.12,-1.62
OT-00629,2026-08-12 04:07:00,RTU-05,DNP3,none,45.87,46.66,-0.79
OT-00670,2026-08-12 04:20:00,RTU-04,Modbus,none,49.68,49.71,-0.03
OT-00658,2026-08-12 04:27:00,RTU-08,Modbus,none,48.75,48.65,0.1
OT-00662,2026-08-12 05:05:00,RTU-05,DNP3,none,48.73,48.39,0.34
OT-00664,2026-08-12 05:07:00,PLC-02,Modbus,none,52.49,53.5,-1.01
OT-00654,2026-08-12 05:20:00,PLC-03,Modbus,none,53.01,52.42,0.59
OT-00644,2026-08-12 05:25:00,RTU-07,Modbus,none,49.38,49.81,-0.43
OT-00627,2026-08-12 05:25:00,RTU-02,Modbus,none,49.77,49.2,0.57
OT-00646,2026-08-12 06:00:00,PLC-05,DNP3,none,52.89,50.84,2.05
OT-00679,2026-08-12 06:14:00,RTU-05,Modbus,none,48.11,48.01,0.1
OT-00638,2026-08-12 06:15:00,RTU-07,DNP3,none,45.06,46.56,-1.5
OT-00673,2026-08-12 06:24:00,PLC-05,Modbus,none,50.43,50.59,-0.16
OT-00647,2026-08-12 06:39:00,RTU-06,DNP3,none,53.24,53.05,0.19
OT-00634,2026-08-12 07:52:00,PLC-05,DNP3,none,51.2,52.92,-1.72
OT-00649,2026-08-12 08:14:00,RTU-03,DNP3,none,50.05,51.14,-1.09
OT-00663,2026-08-12 09:26:00,RTU-02,DNP3,none,51.15,51.16,-0.01
OT-00666,2026-08-12 12:37:00,PLC-03,DNP3,none,50.13,49.46,0.67
OT-00660,2026-08-12 12:40:00,PLC-03,Modbus,none,48.11,48.83,-0.72
OT-00630,2026-08-12 12:41:00,PLC-01,DNP3,none,48.51,49.03,-0.52
OT-00667,2026-08-12 12:53:00,RTU-01,DNP3,none,46.09,46.61,-0.52
OT-00661,2026-08-12 13:02:00,RTU-01,DNP3,none,53.2,51.54,1.66
OT-00682,2026-08-12 13:13:00,PLC-02,DNP3,none,52.51,50.44,2.07
OT-00650,2026-08-12 13:31:00,RTU-04,DNP3,none,48.59,49.27,-0.68
OT-00643,2026-08-12 13:34:00,PLC-02,Modbus,none,50.67,50.23,0.44
OT-00668,2026-08-12 14:11:00,RTU-04,Modbus,none,49.42,50.22,-0.8
OT-00683,2026-08-12 16:19:00,PLC-05,DNP3,none,50.88,50.75,0.13
OT-00672,2026-08-12 16:24:00,PLC-03,Modbus,none,47.59,46.6,0.99
OT-00681,2026-08-12 16:39:00,RTU-06,DNP3,none,52.33,52.27,0.06
OT-00659,2026-08-12 17:16:00,PLC-05,DNP3,none,45.23,44.68,0.55
OT-00640,2026-08-12 17:19:00,RTU-03,DNP3,none,48.43,49.29,-0.86
OT-00639,2026-08-12 17:48:00,RTU-02,DNP3,none,52.49,52.94,-0.45
OT-00652,2026-08-12 18:00:00,PLC-03,Modbus,none,51.93,51.92,0.01
OT-00637,2026-08-12 18:06:00,RTU-06,Modbus,none,49.55,48.36,1.19
OT-00684,2026-08-12 19:35:00,PLC-02,Modbus,none,47.34,47.38,-0.04
OT-00648,2026-08-12 20:05:00,RTU-05,Modbus,none,47.82,49.25,-1.43
OT-00641,2026-08-12 20:21:00,RTU-06,Modbus,none,46.83,45.15,1.68
OT-00645,2026-08-12 20:47:00,PLC-06,DNP3,none,45.68,45.88,-0.2
OT-00642,2026-08-12 20:47:00,PLC-03,Modbus,none,52.63,53.79,-1.16
OT-00678,2026-08-12 20:56:00,RTU-03,Modbus,none,50.69,50.95,-0.26
OT-00633,2026-08-12 21:31:00,PLC-01,DNP3,none,49.53,49.63,-0.1
OT-00635,2026-08-12 21:37:00,PLC-02,DNP3,none,50.95,51.87,-0.92
OT-00680,2026-08-12 21:59:00,RTU-03,DNP3,none,53.74,52.71,1.03
OT-00651,2026-08-12 22:15:00,PLC-05,Modbus,none,47.99,47.04,0.95
OT-00628,2026-08-12 22:31:00,RTU-07,DNP3,none,51.4,50.66,0.74
OT-00665,2026-08-12 22:35:00,RTU-08,Modbus,none,52.48,53.25,-0.77
OT-00657,2026-08-12 23:18:00,RTU-06,DNP3,none,48.46,47.17,1.29
OT-00669,2026-08-12 23:21:00,RTU-01,DNP3,none,48.05,46.96,1.09
OT-00671,2026-08-12 23:51:00,RTU-01,DNP3,none,50.57,50.61,-0.04
OT-00716,2026-08-13 00:20:00,RTU-06,DNP3,none,51.25,50.67,0.58
OT-00691,2026-08-13 00:22:00,PLC-04,Modbus,none,52.4,52.27,0.13
OT-00702,2026-08-13 00:37:00,PLC-01,Modbus,none,52.79,55.06,-2.27
OT-00715,2026-08-13 00:49:00,PLC-02,Modbus,none,54.51,53.8,0.71
OT-00695,2026-08-13 00:56:00,RTU-05,Modbus,none,51.51,50.66,0.85
OT-00717,2026-08-13 01:30:00,PLC-06,Modbus,none,50.33,49.83,0.5
OT-00728,2026-08-13 02:07:00,RTU-03,DNP3,none,52.08,52.46,-0.38
OT-00720,2026-08-13 02:27:00,RTU-08,Modbus,none,48.12,48.23,-0.11
OT-00723,2026-08-13 02:33:00,RTU-03,Modbus,none,50.73,51.02,-0.29
OT-00701,2026-08-13 03:09:00,RTU-03,Modbus,none,52.81,53.16,-0.35
OT-00722,2026-08-13 03:37:00,PLC-01,DNP3,none,51.33,51.53,-0.2
OT-00711,2026-08-13 04:01:00,PLC-02,DNP3,none,51.14,51.25,-0.11
OT-00718,2026-08-13 04:21:00,RTU-08,Modbus,none,46.7,46.75,-0.05
OT-00708,2026-08-13 05:47:00,PLC-01,Modbus,none,54.95,53.76,1.19
OT-00713,2026-08-13 06:24:00,PLC-05,Modbus,none,55.78,55.15,0.63
OT-00687,2026-08-13 06:31:00,RTU-08,DNP3,none,49.31,49.92,-0.61
OT-00705,2026-08-13 07:02:00,RTU-06,Modbus,none,49.49,49.5,-0.01
OT-00709,2026-08-13 07:03:00,RTU-06,Modbus,none,50.24,49.77,0.47
OT-00689,2026-08-13 07:08:00,PLC-05,DNP3,none,44.05,44.08,-0.03
OT-00724,2026-08-13 07:29:00,PLC-02,Modbus,none,50.09,50.23,-0.14
OT-00729,2026-08-13 07:29:00,PLC-06,Modbus,none,52.37,51.27,1.1
OT-00721,2026-08-13 08:22:00,PLC-04,DNP3,none,57.54,57.23,0.31
OT-00697,2026-08-13 08:27:00,PLC-04,Modbus,none,52.15,51.13,1.02
OT-00710,2026-08-13 08:36:00,RTU-02,Modbus,none,49.91,51.47,-1.56
OT-00704,2026-08-13 09:25:00,RTU-06,Modbus,none,50.69,50.19,0.5
OT-00700,2026-08-13 10:10:00,RTU-07,Modbus,none,47.8,49.05,-1.25
OT-00707,2026-08-13 11:05:00,PLC-04,DNP3,none,46.67,46.97,-0.3
OT-00712,2026-08-13 11:26:00,PLC-05,Modbus,none,50.34,50.86,-0.52
OT-00694,2026-08-13 11:35:00,PLC-05,Modbus,none,44.71,45.63,-0.92
OT-00698,2026-08-13 11:43:00,RTU-02,Modbus,none,50.0,49.08,0.92
OT-00699,2026-08-13 11:58:00,PLC-01,DNP3,none,53.29,54.23,-0.94
OT-00703,2026-08-13 12:37:00,PLC-04,Modbus,none,46.53,46.74,-0.21
OT-00719,2026-08-13 13:37:00,RTU-06,Modbus,none,51.82,51.75,0.07
OT-00688,2026-08-13 13:47:00,PLC-06,DNP3,none,47.86,48.74,-0.88
OT-00696,2026-08-13 14:27:00,RTU-07,DNP3,none,52.0,51.83,0.17
OT-00714,2026-08-13 14:54:00,PLC-01,DNP3,none,48.24,48.43,-0.19
OT-00693,2026-08-13 15:02:00,PLC-05,Modbus,none,48.27,47.94,0.33
OT-00692,2026-08-13 15:40:00,RTU-07,DNP3,none,49.8,50.32,-0.52
OT-00706,2026-08-13 15:48:00,PLC-01,Modbus,none,49.66,48.65,1.01
OT-00730,2026-08-13 17:00:00,RTU-08,Modbus,none,51.76,53.21,-1.45
OT-00727,2026-08-13 17:30:00,RTU-02,DNP3,none,47.72,47.64,0.08
OT-00686,2026-08-13 17:39:00,RTU-05,DNP3,none,55.7,55.17,0.53
OT-00726,2026-08-13 18:10:00,PLC-04,Modbus,none,47.46,48.3,-0.84
OT-00725,2026-08-13 18:31:00,PLC-03,DNP3,none,52.8,52.24,0.56
OT-00690,2026-08-13 18:48:00,PLC-03,DNP3,none,57.69,56.69,1.0
OT-00777,2026-08-14 00:31:00,RTU-08,Modbus,none,46.97,49.1,-2.13
OT-00740,2026-08-14 01:28:00,PLC-02,DNP3,none,52.22,52.85,-0.63
OT-00770,2026-08-14 01:55:00,RTU-08,Modbus,none,49.91,50.4,-0.49
OT-00738,2026-08-14 02:19:00,RTU-04,Modbus,none,50.33,51.32,-0.99
OT-00747,2026-08-14 02:49:00,RTU-02,DNP3,none,50.83,49.36,1.47
OT-00743,2026-08-14 02:58:00,PLC-06,Modbus,none,48.94,48.79,0.15
OT-00754,2026-08-14 04:20:00,RTU-04,Modbus,none,51.11,51.47,-0.36
OT-00767,2026-08-14 04:45:00,PLC-05,DNP3,none,52.67,53.28,-0.61
OT-00763,2026-08-14 04:46:00,RTU-05,DNP3,none,49.15,48.87,0.28
OT-00787,2026-08-14 04:52:00,RTU-07,Modbus,none,48.8,49.62,-0.82
OT-00780,2026-08-14 05:16:00,PLC-01,Modbus,none,57.1,56.72,0.38
OT-00791,2026-08-14 05:27:00,PLC-04,DNP3,none,53.48,54.07,-0.59
OT-00779,2026-08-14 06:39:00,RTU-02,DNP3,none,48.75,48.74,0.01
OT-00745,2026-08-14 06:47:00,PLC-02,DNP3,none,51.07,49.86,1.21
OT-00749,2026-08-14 07:04:00,PLC-04,Modbus,none,53.46,52.03,1.43
OT-00790,2026-08-14 07:23:00,PLC-01,DNP3,none,45.56,46.39,-0.83
OT-00739,2026-08-14 07:27:00,RTU-02,DNP3,none,46.51,46.74,-0.23
OT-00746,2026-08-14 07:58:00,RTU-07,Modbus,none,46.18,45.81,0.37
OT-00736,2026-08-14 08:34:00,PLC-04,DNP3,none,48.59,48.8,-0.21
OT-00737,2026-08-14 08:47:00,RTU-01,Modbus,none,47.93,46.74,1.19
OT-00785,2026-08-14 08:59:00,RTU-08,Modbus,none,50.1,50.0,0.1
OT-00788,2026-08-14 09:07:00,RTU-06,DNP3,none,46.55,46.85,-0.3
OT-00772,2026-08-14 09:53:00,RTU-08,DNP3,none,42.01,44.06,-2.05
OT-00732,2026-08-14 09:54:00,RTU-04,Modbus,none,52.35,52.44,-0.09
OT-00789,2026-08-14 10:00:00,RTU-05,DNP3,none,49.04,49.72,-0.68
OT-00735,2026-08-14 10:34:00,RTU-02,Modbus,none,55.78,55.32,0.46
OT-00774,2026-08-14 10:50:00,PLC-03,DNP3,none,51.21,51.2,0.01
OT-00758,2026-08-14 11:30:00,PLC-06,DNP3,none,56.23,56.21,0.02
OT-00731,2026-08-14 11:34:00,PLC-03,DNP3,none,49.13,49.71,-0.58
OT-00784,2026-08-14 12:29:00,RTU-06,Modbus,none,46.97,46.36,0.61
OT-00775,2026-08-14 12:32:00,PLC-01,Modbus,none,54.07,54.15,-0.08
OT-00771,2026-08-14 12:46:00,RTU-04,DNP3,none,57.89,57.04,0.85
OT-00742,2026-08-14 12:56:00,RTU-06,Modbus,none,49.61,48.97,0.64
OT-00762,2026-08-14 13:08:00,PLC-06,Modbus,none,46.9,48.06,-1.16
OT-00764,2026-08-14 13:13:00,PLC-06,DNP3,none,50.04,48.5,1.54
OT-00741,2026-08-14 13:19:00,RTU-06,Modbus,none,54.04,54.85,-0.81
OT-00757,2026-08-14 13:38:00,PLC-05,Modbus,none,51.27,49.86,1.41
OT-00765,2026-08-14 13:44:00,PLC-04,DNP3,none,46.52,45.3,1.22
OT-00751,2026-08-14 14:34:00,RTU-04,DNP3,none,54.86,54.44,0.42
OT-00752,2026-08-14 15:05:00,RTU-01,Modbus,none,51.97,51.98,-0.01
OT-00781,2026-08-14 15:10:00,RTU-08,Modbus,none,54.7,54.64,0.06
OT-00769,2026-08-14 15:11:00,PLC-06,DNP3,none,50.78,50.74,0.04
OT-00761,2026-08-14 15:25:00,PLC-05,DNP3,none,54.32,54.61,-0.29
OT-00756,2026-08-14 16:41:00,RTU-04,DNP3,none,53.87,54.15,-0.28
OT-00734,2026-08-14 17:08:00,RTU-02,Modbus,none,47.96,48.07,-0.11
OT-00776,2026-08-14 17:44:00,RTU-06,Modbus,none,52.18,52.23,-0.05
OT-00753,2026-08-14 18:35:00,RTU-03,Modbus,none,48.93,49.57,-0.64
OT-00759,2026-08-14 18:51:00,PLC-03,DNP3,none,52.63,53.25,-0.62
OT-00792,2026-08-14 19:15:00,PLC-03,DNP3,none,51.46,52.28,-0.82
OT-00744,2026-08-14 19:43:00,RTU-02,DNP3,none,46.21,46.56,-0.35
OT-00750,2026-08-14 19:48:00,PLC-04,DNP3,none,45.9,46.99,-1.09
OT-00786,2026-08-14 20:53:00,RTU-05,Modbus,none,52.09,52.39,-0.3
OT-00773,2026-08-14 21:30:00,RTU-02,DNP3,none,49.45,49.29,0.16
OT-00760,2026-08-14 21:59:00,PLC-04,DNP3,none,55.59,54.67,0.92
OT-00782,2026-08-14 22:06:00,RTU-04,DNP3,none,48.36,48.24,0.12
OT-00766,2026-08-14 22:17:00,PLC-04,DNP3,none,50.12,49.63,0.49
OT-00748,2026-08-14 22:24:00,RTU-08,Modbus,none,49.44,49.7,-0.26
OT-00768,2026-08-14 23:34:00,RTU-01,Modbus,none,50.68,51.05,-0.37
OT-00755,2026-08-14 23:42:00,RTU-01,Modbus,none,55.35,54.64,0.71
OT-00778,2026-08-14 23:48:00,RTU-08,Modbus,none,55.2,53.69,1.51
OT-00733,2026-08-14 23:53:00,RTU-05,DNP3,none,50.59,51.54,-0.95
OT-00783,2026-08-14 23:58:00,RTU-02,DNP3,none,50.62,49.69,0.93
OT-00846,2026-08-15 00:04:00,PLC-02,Modbus,none,51.95,51.82,0.13
OT-00818,2026-08-15 00:24:00,RTU-01,Modbus,none,48.31,49.47,-1.16
OT-00851,2026-08-15 00:58:00,PLC-05,Modbus,none,46.53,45.86,0.67
OT-00842,2026-08-15 01:05:00,PLC-03,Modbus,none,49.33,49.44,-0.11
OT-00813,2026-08-15 01:25:00,PLC-06,Modbus,none,45.94,46.36,-0.42
OT-00820,2026-08-15 01:29:00,RTU-08,DNP3,none,50.81,51.46,-0.65
OT-00800,2026-08-15 01:31:00,PLC-02,DNP3,none,48.21,48.36,-0.15
OT-00832,2026-08-15 02:17:00,RTU-08,Modbus,none,55.09,54.74,0.35
OT-00838,2026-08-15 03:03:00,RTU-08,Modbus,none,52.48,52.51,-0.03
OT-00849,2026-08-15 04:23:00,RTU-02,Modbus,none,49.09,49.43,-0.34
OT-00815,2026-08-15 04:38:00,PLC-03,Modbus,none,46.93,46.87,0.06
OT-00843,2026-08-15 04:54:00,PLC-06,Modbus,none,52.2,51.75,0.45
OT-00796,2026-08-15 06:20:00,RTU-07,DNP3,none,45.57,45.73,-0.16
OT-00855,2026-08-15 06:39:00,RTU-06,Modbus,none,50.84,50.64,0.2
OT-00859,2026-08-15 07:07:00,RTU-04,DNP3,none,48.58,48.97,-0.39
OT-00809,2026-08-15 07:36:00,PLC-03,Modbus,none,50.29,49.13,1.16
OT-01577,2026-08-15 07:40:00,PLC-03,Modbus,unauthorized_write_attempt,62.5,50.0,12.5
OT-01578,2026-08-15 07:55:00,PLC-03,Modbus,unauthorized_write_attempt,64.1,50.0,14.1
OT-00798,2026-08-15 08:02:00,RTU-04,Modbus,none,49.5,50.62,-1.12
OT-00822,2026-08-15 08:20:00,RTU-06,DNP3,none,51.32,50.13,1.19
OT-00812,2026-08-15 08:26:00,PLC-01,Modbus,none,50.32,51.21,-0.89
OT-00835,2026-08-15 08:36:00,PLC-04,Modbus,none,51.5,51.77,-0.27
OT-00824,2026-08-15 08:37:00,RTU-03,DNP3,none,49.92,50.24,-0.32
OT-00841,2026-08-15 08:39:00,RTU-06,Modbus,none,52.66,53.72,-1.06
OT-00807,2026-08-15 08:42:00,RTU-06,DNP3,none,52.06,50.9,1.16
OT-00821,2026-08-15 09:53:00,RTU-02,Modbus,none,53.16,53.64,-0.48
OT-00836,2026-08-15 09:54:00,RTU-07,DNP3,none,54.51,53.68,0.83
OT-00799,2026-08-15 10:08:00,RTU-05,DNP3,none,51.72,50.57,1.15
OT-00827,2026-08-15 10:11:00,RTU-03,DNP3,none,48.83,48.72,0.11
OT-00804,2026-08-15 10:18:00,PLC-04,DNP3,none,51.96,52.12,-0.16
OT-00801,2026-08-15 10:41:00,RTU-06,DNP3,none,43.48,43.93,-0.45
OT-00814,2026-08-15 11:01:00,RTU-08,Modbus,none,50.66,50.1,0.56
OT-00806,2026-08-15 11:13:00,RTU-02,DNP3,none,54.99,55.17,-0.18
OT-00857,2026-08-15 11:17:00,RTU-08,Modbus,none,50.68,50.06,0.62
OT-00795,2026-08-15 11:46:00,PLC-04,DNP3,none,48.48,48.75,-0.27
OT-00837,2026-08-15 11:49:00,PLC-05,DNP3,none,52.53,52.6,-0.07
OT-00831,2026-08-15 12:37:00,RTU-06,DNP3,none,52.63,53.18,-0.55
OT-00853,2026-08-15 13:20:00,PLC-03,Modbus,none,53.27,52.92,0.35
OT-00819,2026-08-15 13:39:00,RTU-03,DNP3,none,48.94,48.82,0.12
OT-00808,2026-08-15 13:43:00,PLC-04,Modbus,none,53.43,53.26,0.17
OT-00802,2026-08-15 15:00:00,RTU-06,Modbus,none,55.16,53.6,1.56
OT-00830,2026-08-15 15:22:00,RTU-03,DNP3,none,57.37,57.83,-0.46
OT-00854,2026-08-15 15:25:00,RTU-04,Modbus,none,53.74,53.63,0.11
OT-00828,2026-08-15 16:06:00,PLC-02,DNP3,none,51.62,50.82,0.8
OT-00839,2026-08-15 16:21:00,PLC-05,Modbus,none,52.06,52.5,-0.44
OT-00860,2026-08-15 16:34:00,PLC-06,DNP3,none,51.24,51.33,-0.09
OT-00833,2026-08-15 16:59:00,RTU-07,DNP3,none,50.07,49.74,0.33
OT-00852,2026-08-15 17:02:00,RTU-01,DNP3,none,49.02,49.37,-0.35
OT-00858,2026-08-15 17:32:00,RTU-05,DNP3,none,47.33,45.9,1.43
OT-00850,2026-08-15 17:37:00,RTU-06,DNP3,none,47.24,47.69,-0.45
OT-00793,2026-08-15 17:45:00,PLC-01,Modbus,none,57.48,56.98,0.5
OT-00847,2026-08-15 18:39:00,RTU-07,Modbus,none,50.24,49.83,0.41
OT-00829,2026-08-15 18:59:00,RTU-03,DNP3,none,53.14,51.57,1.57
OT-00845,2026-08-15 19:08:00,PLC-04,DNP3,none,49.66,50.58,-0.92
OT-00797,2026-08-15 19:15:00,RTU-05,DNP3,none,45.98,47.06,-1.08
OT-00848,2026-08-15 19:27:00,RTU-08,DNP3,none,47.26,47.69,-0.43
OT-00844,2026-08-15 20:11:00,PLC-01,Modbus,none,53.65,53.5,0.15
OT-00817,2026-08-15 20:26:00,RTU-04,Modbus,none,50.84,52.12,-1.28
OT-00810,2026-08-15 20:34:00,PLC-06,Modbus,none,53.18,51.6,1.58
OT-00811,2026-08-15 20:57:00,PLC-04,DNP3,none,47.96,48.32,-0.36
OT-00840,2026-08-15 21:14:00,RTU-01,Modbus,none,46.03,46.07,-0.04
OT-00826,2026-08-15 21:42:00,PLC-02,Modbus,none,51.3,50.38,0.92
OT-01579,2026-08-15 21:50:00,RTU-05,Modbus,unauthorized_write_attempt,59.8,50.0,9.8
OT-00816,2026-08-15 21:58:00,RTU-02,Modbus,none,46.75,47.33,-0.58
OT-00794,2026-08-15 23:19:00,RTU-03,DNP3,none,55.11,56.41,-1.3
OT-00823,2026-08-15 23:24:00,PLC-01,DNP3,none,49.62,49.21,0.41
OT-00805,2026-08-15 23:25:00,RTU-02,DNP3,none,51.28,51.86,-0.58
OT-00856,2026-08-15 23:29:00,PLC-01,Modbus,none,49.91,49.73,0.18
OT-00834,2026-08-15 23:36:00,PLC-04,Modbus,none,48.94,48.9,0.04
OT-00825,2026-08-15 23:36:00,PLC-02,DNP3,none,51.01,51.67,-0.66
OT-00803,2026-08-15 23:59:00,RTU-05,DNP3,none,53.67,52.3,1.37
OT-00873,2026-08-16 00:01:00,PLC-04,DNP3,none,50.87,51.62,-0.75
OT-00912,2026-08-16 00:39:00,PLC-06,DNP3,none,49.57,48.7,0.87
OT-00915,2026-08-16 00:48:00,PLC-03,Modbus,none,50.5,50.04,0.46
OT-00914,2026-08-16 00:55:00,RTU-01,DNP3,none,49.08,49.68,-0.6
OT-00911,2026-08-16 02:03:00,RTU-02,Modbus,none,49.17,49.23,-0.06
OT-00903,2026-08-16 02:45:00,PLC-02,Modbus,none,49.38,48.95,0.43
OT-00863,2026-08-16 02:57:00,RTU-03,Modbus,none,47.86,48.28,-0.42
OT-00861,2026-08-16 03:01:00,RTU-04,Modbus,none,50.66,51.01,-0.35
OT-00893,2026-08-16 03:07:00,RTU-07,Modbus,none,43.98,44.56,-0.58
OT-00905,2026-08-16 03:12:00,RTU-02,Modbus,none,47.02,46.9,0.12
OT-00880,2026-08-16 03:52:00,PLC-01,Modbus,none,50.42,49.08,1.34
OT-00877,2026-08-16 04:07:00,RTU-08,Modbus,none,42.07,42.97,-0.9
OT-00896,2026-08-16 04:22:00,PLC-01,Modbus,none,47.12,49.17,-2.05
OT-00878,2026-08-16 04:41:00,RTU-07,DNP3,none,52.01,51.28,0.73
OT-00888,2026-08-16 04:56:00,RTU-01,DNP3,none,54.14,54.62,-0.48
OT-01580,2026-08-16 05:05:00,PLC-03,Modbus,unauthorized_write_attempt,61.0,50.0,11.0
OT-00874,2026-08-16 05:48:00,RTU-08,DNP3,none,52.29,53.19,-0.9
OT-00869,2026-08-16 05:54:00,RTU-07,Modbus,none,47.99,48.75,-0.76
OT-00872,2026-08-16 06:10:00,RTU-05,Modbus,none,48.82,49.45,-0.63
OT-00892,2026-08-16 07:03:00,RTU-06,DNP3,none,49.6,49.64,-0.04
OT-00884,2026-08-16 07:16:00,PLC-01,Modbus,none,50.85,52.02,-1.17
OT-00871,2026-08-16 07:36:00,PLC-02,DNP3,none,50.89,50.37,0.52
OT-00881,2026-08-16 08:05:00,RTU-07,Modbus,none,46.94,46.88,0.06
OT-00900,2026-08-16 08:37:00,PLC-05,Modbus,none,55.37,54.01,1.36
OT-00904,2026-08-16 08:43:00,RTU-04,DNP3,none,47.99,49.69,-1.7
OT-00867,2026-08-16 09:37:00,PLC-01,DNP3,none,48.59,47.56,1.03
OT-00901,2026-08-16 11:56:00,RTU-01,Modbus,none,45.92,46.9,-0.98
OT-00890,2026-08-16 12:02:00,RTU-07,Modbus,none,50.63,50.81,-0.18
OT-00907,2026-08-16 12:16:00,RTU-07,Modbus,none,53.68,53.71,-0.03
OT-00885,2026-08-16 12:30:00,RTU-04,DNP3,none,49.96,48.23,1.73
OT-00921,2026-08-16 13:26:00,RTU-06,DNP3,none,46.38,46.21,0.17
OT-00920,2026-08-16 14:02:00,RTU-06,DNP3,none,45.86,46.04,-0.18
OT-00875,2026-08-16 14:37:00,RTU-03,DNP3,none,54.84,53.51,1.33
OT-00898,2026-08-16 14:42:00,RTU-02,DNP3,none,47.81,48.64,-0.83
OT-00913,2026-08-16 15:07:00,RTU-02,DNP3,none,49.49,50.61,-1.12
OT-00906,2026-08-16 15:15:00,RTU-03,DNP3,none,51.56,52.01,-0.45
OT-00895,2026-08-16 15:28:00,RTU-08,Modbus,none,48.98,49.95,-0.97
OT-00886,2026-08-16 15:32:00,RTU-05,Modbus,none,52.7,53.46,-0.76
OT-00883,2026-08-16 15:45:00,PLC-03,DNP3,none,53.34,51.85,1.49
OT-00909,2026-08-16 16:52:00,PLC-01,DNP3,none,50.72,51.82,-1.1
OT-00899,2026-08-16 17:46:00,RTU-07,DNP3,none,57.19,57.48,-0.29
OT-00870,2026-08-16 17:53:00,RTU-04,DNP3,none,48.82,48.89,-0.07
OT-00916,2026-08-16 18:24:00,PLC-05,DNP3,none,50.2,50.05,0.15
OT-00868,2026-08-16 18:25:00,RTU-04,DNP3,none,49.88,50.12,-0.24
OT-00902,2026-08-16 18:41:00,PLC-01,DNP3,none,50.6,50.16,0.44
OT-00862,2026-08-16 18:42:00,PLC-03,DNP3,none,51.31,51.81,-0.5
OT-00865,2026-08-16 19:17:00,RTU-01,DNP3,none,48.63,49.44,-0.81
OT-00889,2026-08-16 19:21:00,PLC-06,Modbus,none,47.3,47.45,-0.15
OT-00882,2026-08-16 19:51:00,PLC-03,DNP3,none,49.18,48.74,0.44
OT-00910,2026-08-16 20:15:00,PLC-01,DNP3,none,46.97,47.82,-0.85
OT-00891,2026-08-16 21:31:00,RTU-06,DNP3,none,50.34,50.21,0.13
OT-00908,2026-08-16 21:34:00,RTU-05,DNP3,none,52.47,51.39,1.08
OT-00887,2026-08-16 21:34:00,PLC-01,DNP3,none,48.88,50.13,-1.25
OT-00919,2026-08-16 21:39:00,PLC-06,Modbus,none,46.89,47.27,-0.38
OT-00894,2026-08-16 21:40:00,RTU-01,DNP3,none,54.91,54.89,0.02
OT-00876,2026-08-16 21:42:00,RTU-02,Modbus,none,50.01,49.13,0.88
OT-00918,2026-08-16 21:55:00,PLC-01,DNP3,none,46.03,48.25,-2.22
OT-00866,2026-08-16 22:25:00,PLC-06,Modbus,none,52.65,52.22,0.43
OT-00864,2026-08-16 22:29:00,PLC-05,Modbus,none,46.53,47.09,-0.56
OT-00879,2026-08-16 22:55:00,PLC-06,DNP3,none,47.81,48.58,-0.77
OT-00897,2026-08-16 23:40:00,RTU-06,DNP3,none,53.55,52.49,1.06
OT-00917,2026-08-16 23:44:00,PLC-01,DNP3,none,49.51,47.27,2.24
OT-00947,2026-08-17 00:26:00,PLC-02,Modbus,none,51.01,51.43,-0.42
OT-00956,2026-08-17 00:32:00,PLC-01,DNP3,none,51.5,51.17,0.33
OT-00953,2026-08-17 01:49:00,RTU-04,Modbus,none,49.93,49.32,0.61
OT-00930,2026-08-17 02:01:00,RTU-06,DNP3,none,52.2,51.02,1.18
OT-00923,2026-08-17 02:40:00,PLC-03,DNP3,none,48.88,49.01,-0.13
OT-00946,2026-08-17 04:10:00,RTU-08,Modbus,none,43.38,45.49,-2.11
OT-00935,2026-08-17 04:59:00,RTU-06,Modbus,none,51.09,51.91,-0.82
OT-00944,2026-08-17 05:06:00,PLC-04,Modbus,none,46.6,46.36,0.24
OT-00948,2026-08-17 05:16:00,RTU-04,Modbus,none,51.74,51.26,0.48
OT-00950,2026-08-17 06:03:00,PLC-05,DNP3,none,53.85,51.36,2.49
OT-00954,2026-08-17 06:05:00,RTU-07,DNP3,none,52.16,52.05,0.11
OT-00959,2026-08-17 06:20:00,RTU-01,DNP3,none,51.47,51.92,-0.45
OT-00963,2026-08-17 07:41:00,PLC-06,Modbus,none,46.13,47.08,-0.95
OT-00924,2026-08-17 08:17:00,PLC-04,DNP3,none,55.21,54.05,1.16
OT-00943,2026-08-17 09:14:00,RTU-04,DNP3,none,47.0,47.6,-0.6
OT-00922,2026-08-17 09:19:00,RTU-01,Modbus,none,50.77,50.6,0.17
OT-00942,2026-08-17 09:22:00,RTU-06,DNP3,none,50.02,49.84,0.18
OT-00965,2026-08-17 09:30:00,RTU-05,DNP3,none,46.09,46.1,-0.01
OT-00962,2026-08-17 10:03:00,PLC-02,DNP3,none,45.53,44.64,0.89
OT-00957,2026-08-17 10:51:00,PLC-04,DNP3,none,48.55,48.94,-0.39
OT-00925,2026-08-17 13:19:00,PLC-04,DNP3,none,44.3,43.44,0.86
OT-00939,2026-08-17 13:57:00,RTU-04,Modbus,none,48.38,49.39,-1.01
OT-00938,2026-08-17 14:24:00,PLC-06,Modbus,none,52.72,52.89,-0.17
OT-00936,2026-08-17 14:27:00,RTU-03,Modbus,none,49.05,48.28,0.77
OT-00955,2026-08-17 14:48:00,RTU-07,DNP3,none,50.31,50.49,-0.18
OT-00964,2026-08-17 15:12:00,PLC-05,Modbus,none,53.53,53.44,0.09
OT-00937,2026-08-17 15:30:00,PLC-01,DNP3,none,40.64,40.95,-0.31
OT-00940,2026-08-17 15:40:00,PLC-06,DNP3,none,54.31,54.53,-0.22
OT-00929,2026-08-17 16:29:00,RTU-01,Modbus,none,47.29,46.68,0.61
OT-00941,2026-08-17 16:50:00,RTU-01,DNP3,none,45.38,44.63,0.75
OT-00960,2026-08-17 17:15:00,PLC-06,Modbus,none,49.34,49.42,-0.08
OT-00931,2026-08-17 17:41:00,PLC-02,Modbus,none,50.12,49.84,0.28
OT-00952,2026-08-17 18:39:00,RTU-03,DNP3,none,47.13,48.24,-1.11
OT-00949,2026-08-17 18:46:00,PLC-04,DNP3,none,46.84,48.04,-1.2
OT-00961,2026-08-17 20:43:00,RTU-01,DNP3,none,50.81,49.94,0.87
OT-00951,2026-08-17 21:07:00,RTU-06,Modbus,none,48.63,49.41,-0.78
OT-00927,2026-08-17 22:02:00,PLC-05,DNP3,none,46.57,46.66,-0.09
OT-00958,2026-08-17 22:25:00,PLC-04,DNP3,none,51.81,50.8,1.01
OT-00928,2026-08-17 22:53:00,PLC-02,DNP3,none,54.65,53.74,0.91
OT-00933,2026-08-17 23:02:00,RTU-08,Modbus,none,52.64,52.52,0.12
OT-00932,2026-08-17 23:19:00,RTU-06,Modbus,none,47.7,47.6,0.1
OT-00926,2026-08-17 23:25:00,RTU-02,DNP3,none,52.83,53.52,-0.69
OT-00945,2026-08-17 23:33:00,RTU-08,DNP3,none,50.23,49.6,0.63
OT-00934,2026-08-17 23:46:00,PLC-04,DNP3,none,50.62,51.13,-0.51
OT-00986,2026-08-18 00:54:00,RTU-05,Modbus,none,48.19,48.79,-0.6
OT-00987,2026-08-18 00:59:00,PLC-05,Modbus,none,48.15,49.64,-1.49
OT-00980,2026-08-18 01:27:00,PLC-03,DNP3,none,46.35,46.68,-0.33
OT-01017,2026-08-18 02:20:00,RTU-04,DNP3,none,52.47,51.69,0.78
OT-01011,2026-08-18 02:23:00,PLC-04,Modbus,none,50.09,49.81,0.28
OT-01010,2026-08-18 03:08:00,RTU-07,DNP3,none,48.83,49.72,-0.89
OT-01009,2026-08-18 03:17:00,PLC-02,Modbus,none,53.26,53.69,-0.43
OT-01018,2026-08-18 03:29:00,RTU-05,Modbus,none,46.6,45.91,0.69
OT-00972,2026-08-18 03:51:00,PLC-04,DNP3,none,47.5,47.5,0.0
OT-00985,2026-08-18 03:53:00,PLC-02,Modbus,none,58.64,59.67,-1.03
OT-01029,2026-08-18 04:01:00,RTU-08,Modbus,none,45.98,45.51,0.47
OT-01024,2026-08-18 04:34:00,PLC-02,Modbus,none,53.11,53.46,-0.35
OT-01001,2026-08-18 04:43:00,RTU-04,Modbus,none,50.37,49.92,0.45
OT-01004,2026-08-18 05:05:00,RTU-01,DNP3,none,48.08,47.93,0.15
OT-01025,2026-08-18 05:47:00,RTU-07,Modbus,none,51.29,50.85,0.44
OT-01006,2026-08-18 06:26:00,PLC-05,DNP3,none,46.83,48.38,-1.55
OT-00983,2026-08-18 06:47:00,RTU-01,DNP3,none,54.49,52.78,1.71
OT-01002,2026-08-18 07:04:00,PLC-04,DNP3,none,44.21,43.86,0.35
OT-00991,2026-08-18 07:21:00,PLC-04,Modbus,none,49.04,48.52,0.52
OT-00975,2026-08-18 07:25:00,PLC-06,Modbus,none,55.92,55.39,0.53
OT-00990,2026-08-18 07:44:00,RTU-02,DNP3,none,53.21,52.45,0.76
OT-01008,2026-08-18 08:25:00,RTU-06,Modbus,none,50.5,51.66,-1.16
OT-00970,2026-08-18 08:41:00,PLC-05,Modbus,none,54.65,53.98,0.67
OT-00969,2026-08-18 09:05:00,RTU-01,Modbus,none,53.12,53.54,-0.42
OT-01014,2026-08-18 09:08:00,PLC-02,DNP3,none,47.39,48.63,-1.24
OT-00993,2026-08-18 09:47:00,PLC-05,DNP3,none,54.34,55.27,-0.93
OT-01028,2026-08-18 10:02:00,PLC-03,Modbus,none,53.55,52.75,0.8
OT-00992,2026-08-18 12:27:00,RTU-02,DNP3,none,42.5,42.74,-0.24
OT-01012,2026-08-18 12:42:00,RTU-07,Modbus,none,49.26,49.45,-0.19
OT-00981,2026-08-18 12:55:00,RTU-02,Modbus,none,48.35,47.63,0.72
OT-01019,2026-08-18 13:02:00,PLC-06,DNP3,none,50.64,50.34,0.3
OT-01033,2026-08-18 13:23:00,RTU-01,Modbus,none,46.27,46.31,-0.04
OT-01031,2026-08-18 13:29:00,RTU-05,DNP3,none,50.53,50.52,0.01
OT-00973,2026-08-18 13:32:00,PLC-04,Modbus,none,49.19,49.43,-0.24
OT-00982,2026-08-18 13:40:00,RTU-04,DNP3,none,49.23,48.37,0.86
OT-01027,2026-08-18 13:48:00,RTU-03,Modbus,none,48.12,50.03,-1.91
OT-00988,2026-08-18 13:57:00,RTU-07,Modbus,none,51.13,50.73,0.4
OT-01003,2026-08-18 14:03:00,RTU-04,Modbus,none,53.06,52.56,0.5
OT-01005,2026-08-18 14:08:00,RTU-08,Modbus,none,50.7,50.93,-0.23
OT-00978,2026-08-18 14:26:00,RTU-05,Modbus,none,48.07,49.58,-1.51
OT-00996,2026-08-18 14:57:00,RTU-06,DNP3,none,48.56,49.68,-1.12
OT-00968,2026-08-18 15:09:00,PLC-05,DNP3,none,55.53,55.54,-0.01
OT-01016,2026-08-18 15:28:00,PLC-04,DNP3,none,51.15,51.87,-0.72
OT-01022,2026-08-18 16:06:00,RTU-02,Modbus,none,50.85,50.05,0.8
OT-00966,2026-08-18 16:55:00,RTU-07,DNP3,none,49.57,50.76,-1.19
OT-00967,2026-08-18 17:01:00,RTU-06,DNP3,none,48.97,48.37,0.6
OT-00979,2026-08-18 17:18:00,RTU-05,Modbus,none,49.89,49.94,-0.05
OT-01020,2026-08-18 18:01:00,PLC-04,DNP3,none,47.64,47.07,0.57
OT-01023,2026-08-18 18:10:00,RTU-08,DNP3,none,46.8,46.81,-0.01
OT-00976,2026-08-18 18:26:00,PLC-05,Modbus,none,49.63,48.94,0.69
OT-00971,2026-08-18 18:41:00,RTU-08,Modbus,none,52.03,52.24,-0.21
OT-01015,2026-08-18 18:45:00,PLC-01,Modbus,none,52.55,53.51,-0.96
OT-01000,2026-08-18 19:56:00,PLC-04,DNP3,none,53.74,54.52,-0.78
OT-00984,2026-08-18 20:02:00,PLC-03,DNP3,none,52.63,53.11,-0.48
OT-01021,2026-08-18 20:08:00,RTU-06,DNP3,none,51.12,51.95,-0.83
OT-01013,2026-08-18 20:30:00,PLC-04,DNP3,none,49.82,49.34,0.48
OT-01007,2026-08-18 21:02:00,RTU-04,Modbus,none,48.64,48.26,0.38
OT-01032,2026-08-18 21:45:00,PLC-06,DNP3,none,45.87,46.7,-0.83
OT-00998,2026-08-18 21:46:00,PLC-05,DNP3,none,50.54,49.35,1.19
OT-00999,2026-08-18 22:18:00,PLC-04,Modbus,none,49.02,49.12,-0.1
OT-00995,2026-08-18 22:23:00,PLC-04,DNP3,none,46.9,47.83,-0.93
OT-01030,2026-08-18 22:46:00,RTU-06,Modbus,none,55.0,56.35,-1.35
OT-00997,2026-08-18 23:09:00,PLC-06,Modbus,none,50.0,51.65,-1.65
OT-00977,2026-08-18 23:26:00,RTU-03,DNP3,none,52.35,51.37,0.98
OT-00989,2026-08-18 23:31:00,RTU-01,DNP3,none,50.36,50.74,-0.38
OT-00974,2026-08-18 23:40:00,RTU-06,Modbus,none,48.47,48.86,-0.39
OT-01026,2026-08-18 23:51:00,RTU-05,DNP3,none,47.07,46.06,1.01
OT-00994,2026-08-18 23:51:00,PLC-03,Modbus,none,49.14,48.31,0.83
OT-01050,2026-08-19 00:21:00,PLC-06,Modbus,none,52.11,52.69,-0.58
OT-01053,2026-08-19 01:02:00,RTU-08,Modbus,none,48.41,49.57,-1.16
OT-01072,2026-08-19 01:03:00,RTU-04,Modbus,none,53.33,54.5,-1.17
OT-01065,2026-08-19 02:55:00,RTU-06,Modbus,none,56.84,57.97,-1.13
OT-01074,2026-08-19 02:55:00,RTU-05,DNP3,none,50.75,50.64,0.11
OT-01075,2026-08-19 03:09:00,PLC-02,Modbus,none,51.78,51.62,0.16
OT-01034,2026-08-19 03:13:00,PLC-02,Modbus,none,52.57,52.62,-0.05
OT-01061,2026-08-19 03:23:00,RTU-03,Modbus,none,54.7,55.19,-0.49
OT-01047,2026-08-19 03:43:00,PLC-06,Modbus,none,50.83,49.94,0.89
OT-01071,2026-08-19 03:58:00,RTU-07,Modbus,none,52.68,51.76,0.92
OT-01062,2026-08-19 04:32:00,PLC-01,DNP3,none,46.96,46.79,0.17
OT-01066,2026-08-19 04:40:00,PLC-04,DNP3,none,55.06,56.12,-1.06
OT-01052,2026-08-19 04:49:00,PLC-04,Modbus,none,50.15,49.73,0.42
OT-01041,2026-08-19 05:06:00,RTU-07,Modbus,none,46.67,46.03,0.64
OT-01063,2026-08-19 05:34:00,PLC-01,DNP3,none,51.19,51.07,0.12
OT-01036,2026-08-19 06:58:00,RTU-02,DNP3,none,49.18,48.77,0.41
OT-01054,2026-08-19 07:15:00,RTU-04,DNP3,none,49.78,48.76,1.02
OT-01035,2026-08-19 08:09:00,PLC-06,DNP3,none,49.48,49.93,-0.45
OT-01037,2026-08-19 08:26:00,RTU-04,DNP3,none,48.94,48.26,0.68
OT-01046,2026-08-19 08:36:00,PLC-01,DNP3,none,48.07,47.98,0.09
OT-01060,2026-08-19 09:40:00,RTU-06,DNP3,none,49.73,49.2,0.53
OT-01045,2026-08-19 11:01:00,PLC-02,Modbus,none,48.16,49.51,-1.35
OT-01040,2026-08-19 12:49:00,RTU-02,DNP3,none,48.36,48.84,-0.48
OT-01057,2026-08-19 12:53:00,PLC-01,Modbus,none,42.19,43.42,-1.23
OT-01059,2026-08-19 13:33:00,RTU-06,DNP3,none,48.81,47.54,1.27
OT-01058,2026-08-19 15:12:00,PLC-05,DNP3,none,53.53,54.28,-0.75
OT-01055,2026-08-19 15:35:00,PLC-01,Modbus,none,50.18,49.93,0.25
OT-01070,2026-08-19 16:20:00,RTU-06,DNP3,none,49.46,50.44,-0.98
OT-01069,2026-08-19 16:35:00,RTU-04,DNP3,none,48.09,49.44,-1.35
OT-01039,2026-08-19 16:36:00,RTU-03,DNP3,none,46.35,45.85,0.5
OT-01044,2026-08-19 17:10:00,RTU-03,Modbus,none,44.58,46.61,-2.03
OT-01073,2026-08-19 18:48:00,RTU-06,Modbus,none,47.7,47.21,0.49
OT-01038,2026-08-19 19:14:00,RTU-01,DNP3,none,45.36,46.54,-1.18
OT-01048,2026-08-19 19:20:00,PLC-01,Modbus,none,47.66,48.94,-1.28
OT-01043,2026-08-19 20:31:00,RTU-02,DNP3,none,48.36,47.77,0.59
OT-01067,2026-08-19 20:54:00,PLC-05,Modbus,none,51.99,51.0,0.99
OT-01042,2026-08-19 20:59:00,RTU-04,Modbus,none,49.1,48.42,0.68
OT-01056,2026-08-19 21:05:00,PLC-04,DNP3,none,49.85,49.58,0.27
OT-01068,2026-08-19 22:12:00,RTU-07,DNP3,none,49.09,50.58,-1.49
OT-01049,2026-08-19 22:34:00,RTU-06,DNP3,none,45.53,44.14,1.39
OT-01051,2026-08-19 23:26:00,PLC-01,Modbus,none,48.66,48.38,0.28
OT-01064,2026-08-19 23:45:00,RTU-04,DNP3,none,49.44,49.73,-0.29
OT-01091,2026-08-20 00:27:00,PLC-03,DNP3,none,47.92,48.09,-0.17
OT-01080,2026-08-20 01:29:00,PLC-04,Modbus,none,51.42,51.67,-0.25
OT-01105,2026-08-20 01:42:00,RTU-01,DNP3,none,48.88,49.47,-0.59
OT-01102,2026-08-20 02:05:00,RTU-06,Modbus,none,54.99,54.53,0.46
OT-01110,2026-08-20 02:19:00,RTU-05,Modbus,none,47.36,47.94,-0.58
OT-01107,2026-08-20 02:24:00,PLC-04,DNP3,none,51.36,51.52,-0.16
OT-01094,2026-08-20 02:27:00,PLC-04,DNP3,none,51.14,53.08,-1.94
OT-01083,2026-08-20 02:45:00,RTU-01,DNP3,none,48.44,48.1,0.34
OT-01077,2026-08-20 02:59:00,RTU-01,DNP3,none,50.99,50.38,0.61
OT-01081,2026-08-20 03:48:00,RTU-02,DNP3,none,55.01,53.79,1.22
OT-01089,2026-08-20 04:08:00,PLC-01,Modbus,none,49.76,48.79,0.97
OT-01106,2026-08-20 04:31:00,PLC-03,DNP3,none,46.79,46.94,-0.15
OT-01082,2026-08-20 04:32:00,PLC-03,DNP3,none,48.16,47.14,1.02
OT-01118,2026-08-20 04:40:00,PLC-01,DNP3,none,50.83,51.49,-0.66
OT-01076,2026-08-20 05:36:00,RTU-08,DNP3,none,46.07,45.85,0.22
OT-01099,2026-08-20 05:51:00,PLC-03,DNP3,none,54.65,53.96,0.69
OT-01090,2026-08-20 05:58:00,PLC-03,DNP3,none,52.59,52.04,0.55
OT-01092,2026-08-20 06:56:00,RTU-01,Modbus,none,56.33,55.33,1.0
OT-01121,2026-08-20 07:17:00,PLC-01,Modbus,none,46.46,46.13,0.33
OT-01096,2026-08-20 07:59:00,RTU-03,Modbus,none,49.03,48.6,0.43
OT-01079,2026-08-20 08:01:00,RTU-05,DNP3,none,53.31,53.01,0.3
OT-01085,2026-08-20 08:51:00,PLC-04,Modbus,none,52.3,50.59,1.71
OT-01078,2026-08-20 08:53:00,PLC-03,Modbus,none,48.77,51.09,-2.32
OT-01114,2026-08-20 09:08:00,RTU-05,DNP3,none,54.41,55.27,-0.86
OT-01111,2026-08-20 09:15:00,PLC-05,DNP3,none,50.47,51.46,-0.99
OT-01093,2026-08-20 09:56:00,RTU-03,Modbus,none,53.97,54.01,-0.04
OT-01100,2026-08-20 11:17:00,PLC-03,Modbus,none,48.33,49.37,-1.04
OT-01104,2026-08-20 12:18:00,RTU-03,DNP3,none,49.63,49.27,0.36
OT-01115,2026-08-20 13:04:00,PLC-01,DNP3,none,53.17,51.8,1.37
OT-01113,2026-08-20 13:16:00,RTU-02,Modbus,none,51.69,51.25,0.44
OT-01103,2026-08-20 13:20:00,RTU-03,DNP3,none,51.91,52.94,-1.03
OT-01098,2026-08-20 13:55:00,RTU-01,Modbus,none,48.7,47.61,1.09
OT-01101,2026-08-20 14:10:00,PLC-02,Modbus,none,51.11,51.95,-0.84
OT-01088,2026-08-20 14:26:00,RTU-01,Modbus,none,50.63,49.8,0.83
OT-01116,2026-08-20 16:25:00,RTU-02,Modbus,none,52.82,53.32,-0.5
OT-01120,2026-08-20 16:57:00,PLC-02,DNP3,none,49.88,50.0,-0.12
OT-01087,2026-08-20 17:46:00,PLC-04,DNP3,none,48.01,47.03,0.98
OT-01086,2026-08-20 17:53:00,PLC-03,Modbus,none,54.73,54.24,0.49
OT-01117,2026-08-20 18:52:00,PLC-03,DNP3,none,46.94,46.9,0.04
OT-01119,2026-08-20 19:17:00,PLC-06,Modbus,none,46.69,46.63,0.06
OT-01112,2026-08-20 20:25:00,RTU-03,Modbus,none,50.88,49.41,1.47
OT-01097,2026-08-20 20:44:00,RTU-02,Modbus,none,52.47,52.27,0.2
OT-01108,2026-08-20 21:29:00,PLC-02,Modbus,none,47.1,46.53,0.57
OT-01084,2026-08-20 23:36:00,PLC-01,DNP3,none,55.44,54.14,1.3
OT-01095,2026-08-20 23:49:00,RTU-02,DNP3,none,51.79,52.2,-0.41
OT-01109,2026-08-20 23:51:00,PLC-05,Modbus,none,49.0,49.91,-0.91
OT-01141,2026-08-21 00:09:00,RTU-08,Modbus,none,51.12,51.82,-0.7
OT-01128,2026-08-21 00:19:00,RTU-05,DNP3,none,52.38,51.2,1.18
OT-01186,2026-08-21 00:46:00,PLC-03,DNP3,none,48.7,48.46,0.24
OT-01132,2026-08-21 00:55:00,RTU-08,Modbus,none,50.8,50.58,0.22
OT-01152,2026-08-21 01:10:00,RTU-04,DNP3,none,48.47,49.71,-1.24
OT-01137,2026-08-21 02:01:00,PLC-04,DNP3,none,52.47,52.14,0.33
OT-01172,2026-08-21 02:56:00,PLC-03,DNP3,none,49.84,49.09,0.75
OT-01181,2026-08-21 03:11:00,RTU-03,DNP3,none,47.65,48.47,-0.82
OT-01177,2026-08-21 03:17:00,RTU-01,Modbus,none,53.15,52.55,0.6
OT-01129,2026-08-21 03:26:00,RTU-01,DNP3,none,49.76,50.67,-0.91
OT-01125,2026-08-21 04:00:00,PLC-01,Modbus,none,51.28,51.36,-0.08
OT-01187,2026-08-21 04:08:00,PLC-02,Modbus,none,45.26,45.1,0.16
OT-01178,2026-08-21 04:19:00,RTU-05,Modbus,none,48.94,49.73,-0.79
OT-01122,2026-08-21 04:20:00,PLC-04,Modbus,none,52.93,52.51,0.42
OT-01133,2026-08-21 05:39:00,PLC-04,Modbus,none,49.96,49.86,0.1
OT-01144,2026-08-21 05:56:00,RTU-04,Modbus,none,46.26,45.76,0.5
OT-01174,2026-08-21 06:24:00,PLC-05,Modbus,none,53.54,53.58,-0.04
OT-01155,2026-08-21 06:47:00,PLC-02,DNP3,none,45.91,45.72,0.19
OT-01182,2026-08-21 07:16:00,RTU-06,Modbus,none,51.58,50.99,0.59
OT-01184,2026-08-21 07:35:00,PLC-02,Modbus,none,49.81,49.24,0.57
OT-01139,2026-08-21 07:47:00,RTU-01,DNP3,none,47.59,46.98,0.61
OT-01131,2026-08-21 07:57:00,RTU-02,DNP3,none,49.51,49.39,0.12
OT-01148,2026-08-21 08:08:00,RTU-06,Modbus,none,44.97,44.43,0.54
OT-01156,2026-08-21 08:40:00,RTU-03,DNP3,none,45.59,46.2,-0.61
OT-01175,2026-08-21 09:00:00,RTU-08,Modbus,none,51.75,50.37,1.38
OT-01179,2026-08-21 09:27:00,RTU-04,DNP3,none,51.36,50.79,0.57
OT-01143,2026-08-21 09:40:00,PLC-01,DNP3,none,51.95,51.7,0.25
OT-01138,2026-08-21 09:46:00,RTU-08,DNP3,none,48.74,48.88,-0.14
OT-01165,2026-08-21 09:52:00,RTU-01,Modbus,none,52.41,51.35,1.06
OT-01127,2026-08-21 09:56:00,PLC-04,DNP3,none,51.39,51.23,0.16
OT-01188,2026-08-21 10:14:00,PLC-05,DNP3,none,49.91,50.09,-0.18
OT-01162,2026-08-21 10:35:00,RTU-03,Modbus,none,44.24,44.62,-0.38
OT-01147,2026-08-21 11:37:00,RTU-02,Modbus,none,56.47,56.05,0.42
OT-01168,2026-08-21 11:39:00,PLC-06,Modbus,none,49.49,48.56,0.93
OT-01123,2026-08-21 12:39:00,PLC-04,Modbus,none,48.71,47.29,1.42
OT-01136,2026-08-21 12:47:00,RTU-04,DNP3,none,53.14,53.39,-0.25
OT-01124,2026-08-21 12:47:00,RTU-08,DNP3,none,50.65,51.73,-1.08
OT-01163,2026-08-21 12:50:00,RTU-01,Modbus,none,44.04,44.12,-0.08
OT-01158,2026-08-21 13:24:00,RTU-04,DNP3,none,47.29,47.53,-0.24
OT-01164,2026-08-21 14:29:00,RTU-07,DNP3,none,49.63,49.36,0.27
OT-01146,2026-08-21 14:55:00,RTU-08,Modbus,none,48.54,48.18,0.36
OT-01185,2026-08-21 14:59:00,RTU-05,Modbus,none,46.51,46.5,0.01
OT-01169,2026-08-21 15:15:00,PLC-03,Modbus,none,52.04,51.9,0.14
OT-01176,2026-08-21 15:15:00,RTU-07,Modbus,none,50.08,50.64,-0.56
OT-01161,2026-08-21 16:01:00,RTU-08,Modbus,none,51.49,50.38,1.11
OT-01173,2026-08-21 16:20:00,PLC-02,DNP3,none,51.5,51.27,0.23
OT-01134,2026-08-21 16:31:00,RTU-08,Modbus,none,53.07,54.01,-0.94
OT-01170,2026-08-21 16:38:00,PLC-03,DNP3,none,45.82,45.01,0.81
OT-01145,2026-08-21 18:30:00,RTU-08,Modbus,none,46.22,46.12,0.1
OT-01171,2026-08-21 18:34:00,PLC-01,DNP3,none,51.45,52.07,-0.62
OT-01151,2026-08-21 19:06:00,RTU-04,Modbus,none,55.92,54.9,1.02
OT-01135,2026-08-21 19:24:00,PLC-04,Modbus,none,51.81,51.44,0.37
OT-01159,2026-08-21 19:41:00,RTU-07,DNP3,none,50.7,50.71,-0.01
OT-01183,2026-08-21 20:04:00,PLC-05,Modbus,none,50.73,51.16,-0.43
OT-01153,2026-08-21 20:20:00,PLC-06,DNP3,none,48.93,49.91,-0.98
OT-01167,2026-08-21 20:32:00,RTU-06,Modbus,none,48.38,47.98,0.4
OT-01126,2026-08-21 20:45:00,PLC-02,Modbus,none,49.27,49.51,-0.24
OT-01180,2026-08-21 20:58:00,PLC-06,Modbus,none,51.12,52.18,-1.06
OT-01150,2026-08-21 21:11:00,RTU-01,DNP3,none,51.64,52.59,-0.95
OT-01157,2026-08-21 21:18:00,PLC-05,Modbus,none,44.89,43.45,1.44
OT-01140,2026-08-21 21:24:00,PLC-06,DNP3,none,50.67,49.42,1.25
OT-01142,2026-08-21 22:01:00,RTU-01,DNP3,none,48.11,48.46,-0.35
OT-01149,2026-08-21 22:44:00,PLC-02,Modbus,none,49.11,49.29,-0.18
OT-01154,2026-08-21 22:44:00,RTU-08,Modbus,none,51.56,52.84,-1.28
OT-01160,2026-08-21 22:48:00,PLC-06,Modbus,none,50.1,50.88,-0.78
OT-01130,2026-08-21 23:09:00,RTU-02,DNP3,none,47.86,47.99,-0.13
OT-01166,2026-08-21 23:39:00,PLC-03,Modbus,none,48.39,49.32,-0.93
OT-01189,2026-08-22 00:05:00,RTU-03,DNP3,none,51.27,50.25,1.02
OT-01194,2026-08-22 00:10:00,PLC-01,Modbus,none,46.66,46.62,0.04
OT-01190,2026-08-22 00:40:00,RTU-03,Modbus,none,46.54,47.99,-1.45
OT-01202,2026-08-22 00:43:00,RTU-06,DNP3,none,52.6,50.98,1.62
OT-01233,2026-08-22 01:30:00,RTU-01,Modbus,none,49.13,48.9,0.23
OT-01225,2026-08-22 02:34:00,RTU-08,DNP3,none,50.56,49.44,1.12
OT-01191,2026-08-22 03:27:00,RTU-04,Modbus,none,51.92,51.37,0.55
OT-01230,2026-08-22 03:43:00,RTU-04,DNP3,none,48.41,48.63,-0.22
OT-01199,2026-08-22 03:57:00,RTU-02,Modbus,none,54.39,54.65,-0.26
OT-01227,2026-08-22 04:23:00,RTU-01,Modbus,none,51.18,50.65,0.53
OT-01196,2026-08-22 04:35:00,RTU-06,Modbus,none,48.55,49.04,-0.49
OT-01224,2026-08-22 04:43:00,RTU-08,DNP3,none,47.31,46.7,0.61
OT-01217,2026-08-22 04:57:00,RTU-03,Modbus,none,50.5,50.07,0.43
OT-01232,2026-08-22 05:47:00,RTU-08,Modbus,none,45.36,46.61,-1.25
OT-01192,2026-08-22 06:13:00,RTU-06,DNP3,none,54.56,52.95,1.61
OT-01206,2026-08-22 06:29:00,RTU-03,Modbus,none,49.83,49.08,0.75
OT-01215,2026-08-22 07:33:00,RTU-03,DNP3,none,50.33,52.12,-1.79
OT-01214,2026-08-22 07:51:00,RTU-06,DNP3,none,50.64,49.66,0.98
OT-01222,2026-08-22 09:05:00,RTU-01,Modbus,none,46.78,49.6,-2.82
OT-01234,2026-08-22 09:29:00,RTU-07,DNP3,none,49.73,51.81,-2.08
OT-01208,2026-08-22 09:44:00,PLC-04,Modbus,none,53.91,53.03,0.88
OT-01200,2026-08-22 09:44:00,PLC-01,Modbus,none,49.86,49.42,0.44
OT-01211,2026-08-22 10:09:00,RTU-08,DNP3,none,43.29,44.1,-0.81
OT-01193,2026-08-22 11:08:00,RTU-05,Modbus,none,50.28,50.11,0.17
OT-01216,2026-08-22 11:35:00,RTU-07,DNP3,none,50.07,50.23,-0.16
OT-01198,2026-08-22 12:26:00,PLC-02,DNP3,none,47.65,48.38,-0.73
OT-01201,2026-08-22 12:45:00,PLC-03,Modbus,none,51.03,50.87,0.16
OT-01209,2026-08-22 13:37:00,RTU-02,Modbus,none,45.65,46.37,-0.72
OT-01203,2026-08-22 13:43:00,PLC-05,Modbus,none,51.87,52.57,-0.7
OT-01220,2026-08-22 14:00:00,RTU-05,DNP3,none,48.2,48.96,-0.76
OT-01207,2026-08-22 14:00:00,PLC-05,Modbus,none,49.67,48.94,0.73
OT-01212,2026-08-22 14:24:00,RTU-05,Modbus,none,44.62,44.59,0.03
OT-01226,2026-08-22 15:16:00,RTU-08,DNP3,none,48.59,47.75,0.84
OT-01210,2026-08-22 16:29:00,RTU-08,DNP3,none,46.53,47.1,-0.57
OT-01213,2026-08-22 17:08:00,RTU-07,Modbus,none,44.82,44.58,0.24
OT-01228,2026-08-22 18:01:00,RTU-05,DNP3,none,54.03,52.64,1.39
OT-01195,2026-08-22 18:05:00,RTU-06,DNP3,none,49.64,49.89,-0.25
OT-01205,2026-08-22 18:12:00,PLC-04,DNP3,none,51.75,50.29,1.46
OT-01218,2026-08-22 18:12:00,RTU-06,DNP3,none,51.87,51.21,0.66
OT-01235,2026-08-22 18:23:00,RTU-01,Modbus,none,48.8,48.77,0.03
OT-01204,2026-08-22 18:47:00,RTU-01,DNP3,none,53.84,54.46,-0.62
OT-01229,2026-08-22 19:10:00,PLC-03,DNP3,none,51.24,51.5,-0.26
OT-01197,2026-08-22 19:17:00,RTU-07,Modbus,none,44.04,44.04,0.0
OT-01221,2026-08-22 20:32:00,RTU-08,DNP3,none,48.2,48.5,-0.3
OT-01231,2026-08-22 21:00:00,RTU-05,DNP3,none,49.1,50.09,-0.99
OT-01223,2026-08-22 21:35:00,PLC-06,DNP3,none,54.17,53.12,1.05
OT-01219,2026-08-22 21:55:00,RTU-04,DNP3,none,52.61,53.49,-0.88
OT-01263,2026-08-23 01:01:00,PLC-06,DNP3,none,50.36,50.41,-0.05
OT-01260,2026-08-23 01:01:00,RTU-02,Modbus,none,49.99,50.39,-0.4
OT-01247,2026-08-23 01:20:00,RTU-01,Modbus,none,53.24,53.71,-0.47
OT-01239,2026-08-23 01:42:00,PLC-03,Modbus,none,51.74,49.92,1.82
OT-01243,2026-08-23 01:48:00,RTU-06,DNP3,none,44.8,45.91,-1.11
OT-01269,2026-08-23 01:53:00,PLC-02,Modbus,none,49.86,48.95,0.91
OT-01265,2026-08-23 02:50:00,PLC-06,DNP3,none,53.97,55.06,-1.09
OT-01270,2026-08-23 05:39:00,PLC-04,DNP3,none,49.49,49.21,0.28
OT-01255,2026-08-23 05:40:00,RTU-06,DNP3,none,51.08,51.1,-0.02
OT-01244,2026-08-23 06:30:00,RTU-06,DNP3,none,53.13,53.61,-0.48
OT-01238,2026-08-23 06:35:00,RTU-01,Modbus,none,50.78,50.66,0.12
OT-01251,2026-08-23 07:56:00,RTU-07,Modbus,none,50.15,49.93,0.22
OT-01256,2026-08-23 09:14:00,PLC-01,Modbus,none,51.57,49.99,1.58
OT-01253,2026-08-23 09:26:00,PLC-03,Modbus,none,52.01,51.66,0.35
OT-01254,2026-08-23 11:19:00,RTU-08,DNP3,none,45.48,46.1,-0.62
OT-01274,2026-08-23 11:23:00,PLC-05,Modbus,none,50.31,49.7,0.61
OT-01262,2026-08-23 11:35:00,PLC-04,DNP3,none,45.31,44.82,0.49
OT-01250,2026-08-23 11:57:00,PLC-04,DNP3,none,48.26,48.01,0.25
OT-01240,2026-08-23 12:07:00,RTU-06,DNP3,none,48.01,48.31,-0.3
OT-01271,2026-08-23 12:18:00,PLC-04,Modbus,none,55.99,55.65,0.34
OT-01275,2026-08-23 13:54:00,RTU-05,Modbus,none,50.67,52.1,-1.43
OT-01236,2026-08-23 14:10:00,PLC-02,Modbus,none,47.32,46.11,1.21
OT-01267,2026-08-23 15:00:00,RTU-01,DNP3,none,55.11,54.14,0.97
OT-01257,2026-08-23 15:22:00,RTU-08,Modbus,none,48.6,48.56,0.04
OT-01242,2026-08-23 16:20:00,PLC-03,DNP3,none,52.85,51.92,0.93
OT-01266,2026-08-23 17:52:00,PLC-01,Modbus,none,55.37,54.56,0.81
OT-01258,2026-08-23 17:54:00,RTU-05,DNP3,none,49.06,47.93,1.13
OT-01248,2026-08-23 17:57:00,PLC-03,DNP3,none,48.97,50.17,-1.2
OT-01261,2026-08-23 18:31:00,PLC-01,DNP3,none,52.72,52.88,-0.16
OT-01264,2026-08-23 19:08:00,RTU-03,DNP3,none,41.61,41.87,-0.26
OT-01237,2026-08-23 19:38:00,PLC-06,DNP3,none,47.13,49.41,-2.28
OT-01272,2026-08-23 19:43:00,RTU-07,Modbus,none,48.58,48.65,-0.07
OT-01241,2026-08-23 20:10:00,RTU-05,Modbus,none,48.98,49.11,-0.13
OT-01249,2026-08-23 20:16:00,PLC-01,DNP3,none,49.79,49.03,0.76
OT-01268,2026-08-23 20:41:00,RTU-08,DNP3,none,49.56,48.95,0.61
OT-01252,2026-08-23 20:47:00,PLC-03,DNP3,none,48.03,47.4,0.63
OT-01276,2026-08-23 21:06:00,RTU-01,DNP3,none,48.72,49.65,-0.93
OT-01246,2026-08-23 21:44:00,PLC-05,Modbus,none,49.22,48.28,0.94
OT-01273,2026-08-23 22:01:00,PLC-04,DNP3,none,46.13,45.53,0.6
OT-01245,2026-08-23 23:15:00,RTU-07,Modbus,none,51.34,51.72,-0.38
OT-01259,2026-08-23 23:49:00,RTU-06,DNP3,none,49.07,47.94,1.13
OT-01287,2026-08-24 00:00:00,PLC-05,Modbus,none,49.71,50.79,-1.08
OT-01326,2026-08-24 00:45:00,RTU-08,Modbus,none,58.36,57.22,1.14
OT-01319,2026-08-24 00:47:00,RTU-02,DNP3,none,55.74,53.56,2.18
OT-01323,2026-08-24 01:38:00,PLC-06,DNP3,none,51.39,51.24,0.15
OT-01333,2026-08-24 01:43:00,RTU-04,DNP3,none,52.63,51.92,0.71
OT-01303,2026-08-24 02:07:00,RTU-04,Modbus,none,42.38,42.44,-0.06
OT-01324,2026-08-24 02:14:00,PLC-03,Modbus,none,52.59,53.45,-0.86
OT-01305,2026-08-24 02:17:00,RTU-03,Modbus,none,49.67,48.75,0.92
OT-01282,2026-08-24 04:22:00,RTU-05,DNP3,none,47.31,46.56,0.75
OT-01308,2026-08-24 04:22:00,RTU-04,DNP3,none,49.67,49.38,0.29
OT-01328,2026-08-24 05:00:00,RTU-04,Modbus,none,48.76,48.31,0.45
OT-01289,2026-08-24 05:05:00,PLC-06,Modbus,none,52.92,51.48,1.44
OT-01277,2026-08-24 07:00:00,RTU-01,Modbus,none,50.07,50.4,-0.33
OT-01315,2026-08-24 07:44:00,RTU-04,Modbus,none,46.13,47.01,-0.88
OT-01321,2026-08-24 08:00:00,RTU-02,DNP3,none,49.41,48.89,0.52
OT-01290,2026-08-24 09:11:00,RTU-02,DNP3,none,54.82,55.28,-0.46
OT-01330,2026-08-24 09:36:00,RTU-04,Modbus,none,60.65,60.31,0.34
OT-01293,2026-08-24 09:40:00,PLC-05,DNP3,none,55.11,56.33,-1.22
OT-01311,2026-08-24 09:44:00,PLC-01,DNP3,none,48.86,49.79,-0.93
OT-01307,2026-08-24 09:56:00,RTU-03,DNP3,none,44.63,43.8,0.83
OT-01316,2026-08-24 10:18:00,PLC-03,Modbus,none,49.79,48.65,1.14
OT-01294,2026-08-24 11:03:00,PLC-04,Modbus,none,55.02,54.87,0.15
OT-01313,2026-08-24 11:07:00,PLC-01,Modbus,none,51.54,51.38,0.16
OT-01314,2026-08-24 11:13:00,PLC-02,Modbus,none,52.13,51.1,1.03
OT-01286,2026-08-24 11:34:00,PLC-04,Modbus,none,44.81,44.37,0.44
OT-01332,2026-08-24 11:44:00,RTU-04,DNP3,none,50.2,48.61,1.59
OT-01327,2026-08-24 11:56:00,RTU-07,Modbus,none,54.14,55.29,-1.15
OT-01291,2026-08-24 12:10:00,PLC-06,Modbus,none,46.86,46.29,0.57
OT-01288,2026-08-24 12:44:00,RTU-01,Modbus,none,48.44,48.5,-0.06
OT-01295,2026-08-24 13:59:00,RTU-02,DNP3,none,47.0,48.5,-1.5
OT-01334,2026-08-24 14:01:00,PLC-02,Modbus,none,52.62,53.15,-0.53
OT-01299,2026-08-24 14:02:00,RTU-02,Modbus,none,47.04,46.49,0.55
OT-01298,2026-08-24 15:02:00,RTU-03,Modbus,none,52.18,51.69,0.49
OT-01284,2026-08-24 15:07:00,PLC-02,DNP3,none,56.12,56.14,-0.02
OT-01280,2026-08-24 15:12:00,RTU-08,DNP3,none,52.35,51.17,1.18
OT-01300,2026-08-24 15:45:00,PLC-04,Modbus,none,48.57,49.12,-0.55
OT-01317,2026-08-24 15:55:00,PLC-06,Modbus,none,43.79,45.07,-1.28
OT-01283,2026-08-24 16:08:00,PLC-02,Modbus,none,54.95,54.58,0.37
OT-01331,2026-08-24 16:13:00,PLC-03,DNP3,none,48.27,49.02,-0.75
OT-01292,2026-08-24 17:20:00,PLC-06,Modbus,none,53.71,52.67,1.04
OT-01302,2026-08-24 17:27:00,PLC-06,Modbus,none,46.16,45.08,1.08
OT-01312,2026-08-24 17:46:00,RTU-07,DNP3,none,50.35,50.18,0.17
OT-01310,2026-08-24 18:20:00,PLC-01,Modbus,none,50.18,51.08,-0.9
OT-01325,2026-08-24 18:39:00,RTU-02,DNP3,none,51.74,51.19,0.55
OT-01320,2026-08-24 18:43:00,RTU-01,Modbus,none,41.05,42.4,-1.35
OT-01329,2026-08-24 19:11:00,RTU-05,Modbus,none,48.54,48.46,0.08
OT-01285,2026-08-24 19:25:00,RTU-05,DNP3,none,48.03,48.44,-0.41
OT-01306,2026-08-24 20:00:00,PLC-05,DNP3,none,46.64,45.95,0.69
OT-01281,2026-08-24 20:33:00,PLC-05,DNP3,none,46.01,46.43,-0.42
OT-01309,2026-08-24 21:57:00,RTU-06,DNP3,none,56.46,55.66,0.8
OT-01279,2026-08-24 22:30:00,RTU-01,DNP3,none,54.77,53.89,0.88
OT-01301,2026-08-24 22:42:00,RTU-01,Modbus,none,46.76,47.02,-0.26
OT-01318,2026-08-24 22:46:00,RTU-01,Modbus,none,49.42,50.31,-0.89
OT-01322,2026-08-24 23:00:00,PLC-05,DNP3,none,48.85,48.79,0.06
OT-01278,2026-08-24 23:39:00,RTU-07,Modbus,none,43.2,44.03,-0.83
OT-01297,2026-08-24 23:41:00,RTU-07,Modbus,none,52.14,51.71,0.43
OT-01304,2026-08-24 23:43:00,RTU-03,Modbus,none,48.79,47.39,1.4
OT-01296,2026-08-24 23:47:00,RTU-04,DNP3,none,46.58,46.17,0.41
OT-01379,2026-08-25 00:10:00,RTU-03,Modbus,none,44.98,44.36,0.62
OT-01336,2026-08-25 01:10:00,RTU-07,DNP3,none,42.44,42.05,0.39
OT-01337,2026-08-25 01:33:00,PLC-05,DNP3,none,47.85,48.71,-0.86
OT-01338,2026-08-25 02:51:00,RTU-06,Modbus,none,47.36,47.95,-0.59
OT-01345,2026-08-25 03:05:00,PLC-03,Modbus,none,46.04,45.9,0.14
OT-01360,2026-08-25 03:10:00,RTU-05,DNP3,none,47.07,47.37,-0.3
OT-01349,2026-08-25 03:49:00,PLC-02,Modbus,none,48.44,48.06,0.38
OT-01381,2026-08-25 04:14:00,PLC-06,DNP3,none,53.21,53.66,-0.45
OT-01354,2026-08-25 04:18:00,PLC-02,DNP3,none,44.92,44.62,0.3
OT-01364,2026-08-25 04:40:00,PLC-03,Modbus,none,54.41,53.15,1.26
OT-01375,2026-08-25 04:56:00,RTU-08,Modbus,none,45.7,46.35,-0.65
OT-01344,2026-08-25 05:56:00,RTU-03,DNP3,none,49.82,50.48,-0.66
OT-01346,2026-08-25 07:40:00,RTU-02,Modbus,none,52.87,52.49,0.38
OT-01352,2026-08-25 07:50:00,RTU-06,Modbus,none,46.8,46.94,-0.14
OT-01380,2026-08-25 08:01:00,PLC-05,Modbus,none,49.17,49.3,-0.13
OT-01351,2026-08-25 08:12:00,PLC-04,Modbus,none,49.63,50.28,-0.65
OT-01362,2026-08-25 08:49:00,PLC-05,Modbus,none,57.26,57.07,0.19
OT-01372,2026-08-25 08:50:00,PLC-02,DNP3,none,47.43,45.76,1.67
OT-01376,2026-08-25 09:16:00,PLC-02,Modbus,none,51.4,51.3,0.1
OT-01377,2026-08-25 09:20:00,RTU-04,DNP3,none,51.42,51.41,0.01
OT-01357,2026-08-25 09:48:00,PLC-02,Modbus,none,51.57,51.41,0.16
OT-01363,2026-08-25 09:50:00,PLC-01,Modbus,none,49.71,48.9,0.81
OT-01348,2026-08-25 10:02:00,PLC-01,Modbus,none,49.13,49.79,-0.66
OT-01353,2026-08-25 10:30:00,PLC-03,Modbus,none,45.49,46.97,-1.48
OT-01369,2026-08-25 10:44:00,RTU-06,Modbus,none,50.51,49.07,1.44
OT-01370,2026-08-25 11:02:00,RTU-01,Modbus,none,48.09,47.17,0.92
OT-01378,2026-08-25 11:40:00,PLC-04,DNP3,none,49.65,49.51,0.14
OT-01361,2026-08-25 11:55:00,RTU-07,DNP3,none,46.72,46.83,-0.11
OT-01340,2026-08-25 12:05:00,PLC-02,Modbus,none,46.87,48.23,-1.36
OT-01339,2026-08-25 12:23:00,RTU-03,Modbus,none,55.3,55.62,-0.32
OT-01374,2026-08-25 12:45:00,RTU-04,Modbus,none,49.89,50.63,-0.74
OT-01385,2026-08-25 13:21:00,PLC-06,DNP3,none,43.86,43.91,-0.05
OT-01356,2026-08-25 13:30:00,PLC-01,Modbus,none,50.15,50.29,-0.14
OT-01342,2026-08-25 13:55:00,PLC-04,DNP3,none,45.69,45.9,-0.21
OT-01382,2026-08-25 14:13:00,RTU-08,Modbus,none,46.21,47.22,-1.01
OT-01350,2026-08-25 15:18:00,PLC-01,DNP3,none,48.3,48.33,-0.03
OT-01366,2026-08-25 15:27:00,RTU-08,DNP3,none,46.8,48.37,-1.57
OT-01373,2026-08-25 15:27:00,PLC-01,DNP3,none,50.05,50.45,-0.4
OT-01368,2026-08-25 16:21:00,RTU-05,DNP3,none,55.65,56.5,-0.85
OT-01343,2026-08-25 16:33:00,RTU-04,DNP3,none,51.02,49.86,1.16
OT-01367,2026-08-25 17:07:00,RTU-07,DNP3,none,44.17,44.41,-0.24
OT-01355,2026-08-25 18:04:00,PLC-01,Modbus,none,48.0,48.75,-0.75
OT-01383,2026-08-25 18:04:00,RTU-01,DNP3,none,44.58,45.16,-0.58
OT-01359,2026-08-25 20:13:00,PLC-01,Modbus,none,53.47,53.7,-0.23
OT-01341,2026-08-25 20:34:00,RTU-04,DNP3,none,51.41,50.55,0.86
OT-01384,2026-08-25 21:45:00,RTU-08,DNP3,none,53.12,54.25,-1.13
OT-01365,2026-08-25 22:40:00,PLC-03,Modbus,none,51.2,51.7,-0.5
OT-01371,2026-08-25 22:46:00,PLC-01,Modbus,none,49.33,49.86,-0.53
OT-01347,2026-08-25 23:03:00,RTU-08,Modbus,none,46.32,47.38,-1.06
OT-01358,2026-08-25 23:05:00,PLC-05,DNP3,none,49.16,48.13,1.03
OT-01386,2026-08-25 23:15:00,PLC-03,Modbus,none,49.62,49.78,-0.16
OT-01335,2026-08-25 23:55:00,RTU-05,Modbus,none,53.21,54.54,-1.33
OT-01442,2026-08-26 00:39:00,PLC-02,Modbus,none,48.98,50.33,-1.35
OT-01423,2026-08-26 00:59:00,RTU-05,DNP3,none,53.75,53.18,0.57
OT-01392,2026-08-26 01:09:00,RTU-02,DNP3,none,51.05,51.05,0.0
OT-01418,2026-08-26 01:09:00,RTU-05,Modbus,none,49.27,49.95,-0.68
OT-01447,2026-08-26 01:38:00,RTU-01,DNP3,none,48.76,49.12,-0.36
OT-01428,2026-08-26 01:42:00,RTU-07,DNP3,none,49.61,48.82,0.79
OT-01410,2026-08-26 01:57:00,RTU-04,Modbus,none,53.46,54.01,-0.55
OT-01403,2026-08-26 02:38:00,RTU-01,Modbus,none,50.02,50.91,-0.89
OT-01389,2026-08-26 02:46:00,PLC-01,DNP3,none,45.8,44.67,1.13
OT-01425,2026-08-26 02:53:00,PLC-06,DNP3,none,55.44,56.05,-0.61
OT-01438,2026-08-26 03:18:00,RTU-01,Modbus,none,50.89,48.83,2.06
OT-01405,2026-08-26 03:32:00,RTU-03,Modbus,none,49.8,50.02,-0.22
OT-01412,2026-08-26 03:45:00,PLC-06,DNP3,none,50.65,51.19,-0.54
OT-01402,2026-08-26 03:57:00,RTU-08,DNP3,none,44.25,44.19,0.06
OT-01399,2026-08-26 05:14:00,RTU-05,DNP3,none,50.2,48.46,1.74
OT-01445,2026-08-26 05:16:00,RTU-01,Modbus,none,52.57,52.8,-0.23
OT-01453,2026-08-26 05:30:00,PLC-03,DNP3,none,53.81,51.93,1.88
OT-01431,2026-08-26 06:13:00,RTU-08,DNP3,none,47.71,47.34,0.37
OT-01401,2026-08-26 06:17:00,RTU-01,DNP3,none,47.67,47.55,0.12
OT-01397,2026-08-26 06:23:00,RTU-02,DNP3,none,50.14,50.56,-0.42
OT-01446,2026-08-26 07:11:00,PLC-02,Modbus,none,53.57,53.32,0.25
OT-01424,2026-08-26 07:49:00,PLC-04,DNP3,none,48.84,49.02,-0.18
OT-01454,2026-08-26 07:56:00,PLC-06,Modbus,none,48.12,48.12,0.0
OT-01421,2026-08-26 08:16:00,RTU-01,DNP3,none,50.77,51.24,-0.47
OT-01394,2026-08-26 08:18:00,RTU-06,Modbus,none,49.3,49.8,-0.5
OT-01433,2026-08-26 09:07:00,RTU-07,Modbus,none,51.51,51.79,-0.28
OT-01432,2026-08-26 09:33:00,RTU-02,Modbus,none,54.8,53.75,1.05
OT-01436,2026-08-26 10:03:00,RTU-01,Modbus,none,45.57,45.05,0.52
OT-01444,2026-08-26 11:02:00,RTU-01,Modbus,none,46.75,47.73,-0.98
OT-01398,2026-08-26 11:04:00,RTU-05,DNP3,none,43.45,42.81,0.64
OT-01416,2026-08-26 12:09:00,RTU-07,DNP3,none,56.81,58.04,-1.23
OT-01426,2026-08-26 12:14:00,RTU-01,Modbus,none,45.41,46.11,-0.7
OT-01396,2026-08-26 13:06:00,PLC-06,DNP3,none,46.77,47.59,-0.82
OT-01437,2026-08-26 13:20:00,PLC-05,Modbus,none,52.86,53.4,-0.54
OT-01406,2026-08-26 13:26:00,PLC-06,Modbus,none,50.94,51.25,-0.31
OT-01449,2026-08-26 13:59:00,RTU-02,DNP3,none,49.26,48.89,0.37
OT-01448,2026-08-26 14:16:00,RTU-05,DNP3,none,50.38,50.3,0.08
OT-01452,2026-08-26 14:37:00,PLC-05,Modbus,none,43.8,43.94,-0.14
OT-01388,2026-08-26 14:40:00,RTU-06,Modbus,none,48.46,49.48,-1.02
OT-01404,2026-08-26 15:10:00,RTU-04,DNP3,none,47.64,48.02,-0.38
OT-01391,2026-08-26 15:27:00,PLC-05,DNP3,none,49.25,50.6,-1.35
OT-01390,2026-08-26 15:34:00,PLC-03,DNP3,none,47.51,46.9,0.61
OT-01407,2026-08-26 15:39:00,RTU-01,Modbus,none,48.43,48.69,-0.26
OT-01395,2026-08-26 15:51:00,PLC-04,Modbus,none,49.21,49.54,-0.33
OT-01413,2026-08-26 15:56:00,RTU-05,Modbus,none,51.45,50.75,0.7
OT-01450,2026-08-26 15:59:00,RTU-04,DNP3,none,52.79,52.85,-0.06
OT-01409,2026-08-26 16:27:00,RTU-03,Modbus,none,46.36,48.01,-1.65
OT-01415,2026-08-26 16:58:00,RTU-04,Modbus,none,48.23,47.92,0.31
OT-01419,2026-08-26 17:01:00,PLC-05,Modbus,none,50.9,51.96,-1.06
OT-01430,2026-08-26 17:16:00,PLC-04,DNP3,none,50.9,51.59,-0.69
OT-01414,2026-08-26 17:32:00,PLC-02,DNP3,none,51.05,50.33,0.72
OT-01420,2026-08-26 17:44:00,PLC-05,DNP3,none,46.5,45.29,1.21
OT-01408,2026-08-26 17:44:00,RTU-04,Modbus,none,48.2,48.48,-0.28
OT-01429,2026-08-26 18:35:00,RTU-06,Modbus,none,44.79,45.7,-0.91
OT-01440,2026-08-26 18:35:00,RTU-06,DNP3,none,50.83,51.59,-0.76
OT-01427,2026-08-26 19:18:00,PLC-05,Modbus,none,47.62,47.06,0.56
OT-01393,2026-08-26 19:27:00,RTU-01,Modbus,none,51.63,51.72,-0.09
OT-01441,2026-08-26 19:30:00,PLC-01,Modbus,none,47.07,46.49,0.58
OT-01411,2026-08-26 20:00:00,RTU-05,Modbus,none,49.22,49.43,-0.21
OT-01443,2026-08-26 20:05:00,PLC-01,Modbus,none,56.41,55.55,0.86
OT-01435,2026-08-26 20:43:00,RTU-07,DNP3,none,55.36,55.51,-0.15
OT-01387,2026-08-26 21:36:00,PLC-03,Modbus,none,53.17,53.31,-0.14
OT-01417,2026-08-26 22:14:00,PLC-02,DNP3,none,52.44,50.39,2.05
OT-01400,2026-08-26 22:16:00,PLC-05,Modbus,none,49.58,51.07,-1.49
OT-01451,2026-08-26 22:54:00,RTU-04,DNP3,none,46.11,45.92,0.19
OT-01434,2026-08-26 22:54:00,PLC-06,Modbus,none,50.89,50.79,0.1
OT-01439,2026-08-26 23:00:00,RTU-04,Modbus,none,48.13,48.16,-0.03
OT-01422,2026-08-26 23:41:00,PLC-03,Modbus,none,46.84,47.0,-0.16
OT-01519,2026-08-27 00:07:00,RTU-04,DNP3,none,49.87,49.41,0.46
OT-01497,2026-08-27 00:16:00,RTU-04,DNP3,none,48.82,49.38,-0.56
OT-01465,2026-08-27 00:26:00,RTU-01,Modbus,none,51.16,50.3,0.86
OT-01489,2026-08-27 00:42:00,PLC-01,DNP3,none,48.68,48.34,0.34
OT-01485,2026-08-27 00:54:00,RTU-01,Modbus,none,53.69,53.72,-0.03
OT-01496,2026-08-27 01:12:00,RTU-07,Modbus,none,50.33,49.9,0.43
OT-01456,2026-08-27 01:43:00,PLC-03,Modbus,none,49.09,48.61,0.48
OT-01478,2026-08-27 02:09:00,RTU-08,Modbus,none,49.36,49.99,-0.63
OT-01516,2026-08-27 02:09:00,RTU-01,DNP3,none,49.56,48.05,1.51
OT-01459,2026-08-27 02:31:00,RTU-04,DNP3,none,50.47,49.45,1.02
OT-01494,2026-08-27 03:58:00,RTU-02,Modbus,none,50.84,51.19,-0.35
OT-01467,2026-08-27 04:01:00,RTU-03,Modbus,none,49.58,49.91,-0.33
OT-01499,2026-08-27 04:02:00,RTU-05,Modbus,none,51.1,52.52,-1.42
OT-01469,2026-08-27 04:23:00,RTU-07,Modbus,none,52.64,51.97,0.67
OT-01505,2026-08-27 04:31:00,RTU-03,DNP3,none,54.36,52.91,1.45
OT-01500,2026-08-27 04:32:00,PLC-01,Modbus,none,51.24,50.16,1.08
OT-01502,2026-08-27 05:08:00,PLC-03,Modbus,none,52.68,53.69,-1.01
OT-01491,2026-08-27 05:15:00,PLC-05,Modbus,none,52.83,53.43,-0.6
OT-01520,2026-08-27 05:39:00,PLC-05,DNP3,none,46.25,46.26,-0.01
OT-01513,2026-08-27 05:42:00,PLC-03,DNP3,none,53.17,53.55,-0.38
OT-01461,2026-08-27 06:02:00,RTU-02,Modbus,none,50.0,49.26,0.74
OT-01464,2026-08-27 06:13:00,PLC-03,Modbus,none,47.36,46.76,0.6
OT-01463,2026-08-27 07:02:00,RTU-06,Modbus,none,54.33,54.62,-0.29
OT-01480,2026-08-27 07:09:00,PLC-04,DNP3,none,47.87,48.32,-0.45
OT-01492,2026-08-27 07:24:00,RTU-08,Modbus,none,43.63,43.87,-0.24
OT-01488,2026-08-27 08:12:00,RTU-04,DNP3,none,44.9,44.9,0.0
OT-01481,2026-08-27 08:39:00,PLC-04,Modbus,none,45.58,46.61,-1.03
OT-01507,2026-08-27 08:50:00,PLC-02,Modbus,none,47.59,47.59,0.0
OT-01457,2026-08-27 09:07:00,RTU-02,Modbus,none,48.27,48.6,-0.33
OT-01514,2026-08-27 09:09:00,RTU-05,Modbus,none,49.81,50.73,-0.92
OT-01458,2026-08-27 09:10:00,PLC-04,DNP3,none,49.25,49.58,-0.33
OT-01460,2026-08-27 09:12:00,RTU-06,DNP3,none,47.56,49.23,-1.67
OT-01475,2026-08-27 09:22:00,RTU-06,Modbus,none,51.34,51.42,-0.08
OT-01455,2026-08-27 09:41:00,PLC-02,DNP3,none,53.78,52.96,0.82
OT-01511,2026-08-27 11:08:00,RTU-06,Modbus,none,54.05,53.31,0.74
OT-01495,2026-08-27 11:30:00,PLC-04,Modbus,none,54.74,55.16,-0.42
OT-01473,2026-08-27 11:35:00,PLC-06,DNP3,none,56.34,55.84,0.5
OT-01474,2026-08-27 12:12:00,PLC-01,Modbus,none,50.48,50.92,-0.44
OT-01504,2026-08-27 13:00:00,RTU-01,DNP3,none,47.79,45.53,2.26
OT-01472,2026-08-27 13:10:00,RTU-01,DNP3,none,52.61,51.99,0.62
OT-01515,2026-08-27 13:19:00,RTU-03,Modbus,none,44.41,44.51,-0.1
OT-01510,2026-08-27 13:20:00,RTU-05,DNP3,none,52.37,51.54,0.83
OT-01506,2026-08-27 13:20:00,PLC-06,DNP3,none,49.13,50.64,-1.51
OT-01517,2026-08-27 13:47:00,PLC-01,DNP3,none,51.39,50.59,0.8
OT-01476,2026-08-27 14:21:00,PLC-02,DNP3,none,51.53,50.57,0.96
OT-01484,2026-08-27 14:51:00,RTU-04,DNP3,none,42.63,43.0,-0.37
OT-01493,2026-08-27 15:32:00,RTU-03,Modbus,none,53.63,53.13,0.5
OT-01508,2026-08-27 16:00:00,RTU-04,DNP3,none,55.14,54.56,0.58
OT-01479,2026-08-27 16:03:00,PLC-05,Modbus,none,51.6,51.59,0.01
OT-01483,2026-08-27 16:07:00,RTU-04,Modbus,none,51.33,50.74,0.59
OT-01522,2026-08-27 16:31:00,PLC-01,Modbus,none,52.86,52.68,0.18
OT-01466,2026-08-27 16:37:00,RTU-06,Modbus,none,51.0,51.53,-0.53
OT-01471,2026-08-27 16:42:00,RTU-04,Modbus,none,54.21,52.95,1.26
OT-01482,2026-08-27 16:51:00,PLC-04,DNP3,none,52.93,51.64,1.29
OT-01486,2026-08-27 16:53:00,RTU-01,DNP3,none,47.99,48.43,-0.44
OT-01512,2026-08-27 17:09:00,RTU-05,Modbus,none,42.72,42.39,0.33
OT-01468,2026-08-27 17:49:00,PLC-05,DNP3,none,48.29,48.67,-0.38
OT-01503,2026-08-27 18:27:00,RTU-07,DNP3,none,49.28,50.26,-0.98
OT-01509,2026-08-27 18:57:00,PLC-01,DNP3,none,54.46,55.1,-0.64
OT-01462,2026-08-27 19:01:00,PLC-01,Modbus,none,49.33,48.57,0.76
OT-01498,2026-08-27 19:13:00,PLC-05,Modbus,none,51.54,52.53,-0.99
OT-01501,2026-08-27 19:29:00,PLC-04,Modbus,none,52.0,52.43,-0.43
OT-01470,2026-08-27 20:27:00,RTU-07,Modbus,none,51.08,50.32,0.76
OT-01490,2026-08-27 20:51:00,RTU-05,DNP3,none,53.98,54.11,-0.13
OT-01521,2026-08-27 21:06:00,PLC-03,DNP3,none,44.65,44.37,0.28
OT-01518,2026-08-27 22:17:00,RTU-03,DNP3,none,50.75,52.21,-1.46
OT-01477,2026-08-27 22:39:00,RTU-02,Modbus,none,55.19,55.05,0.14
OT-01487,2026-08-27 23:47:00,PLC-02,Modbus,none,53.38,52.86,0.52
OT-01541,2026-08-28 00:00:00,RTU-07,Modbus,none,49.72,49.34,0.38
OT-01544,2026-08-28 00:07:00,RTU-05,DNP3,none,55.78,55.88,-0.1
OT-01525,2026-08-28 00:38:00,RTU-07,Modbus,none,46.43,46.78,-0.35
OT-01558,2026-08-28 01:22:00,RTU-04,Modbus,none,53.77,53.13,0.64
OT-01549,2026-08-28 01:24:00,RTU-02,Modbus,none,45.75,47.07,-1.32
OT-01569,2026-08-28 01:26:00,PLC-01,Modbus,none,54.81,54.86,-0.05
OT-01547,2026-08-28 01:53:00,PLC-06,Modbus,none,52.71,53.7,-0.99
OT-01543,2026-08-28 02:02:00,RTU-05,Modbus,none,50.35,50.85,-0.5
OT-01560,2026-08-28 02:37:00,PLC-02,Modbus,none,44.72,44.71,0.01
OT-01533,2026-08-28 03:03:00,PLC-02,DNP3,none,48.6,49.05,-0.45
OT-01537,2026-08-28 03:23:00,PLC-06,Modbus,none,54.16,53.83,0.33
OT-01548,2026-08-28 03:40:00,PLC-05,DNP3,none,48.11,47.91,0.2
OT-01531,2026-08-28 04:41:00,RTU-08,DNP3,none,51.06,51.62,-0.56
OT-01564,2026-08-28 04:59:00,RTU-06,Modbus,none,47.63,47.73,-0.1
OT-01571,2026-08-28 05:37:00,PLC-02,DNP3,none,51.52,52.7,-1.18
OT-01576,2026-08-28 07:05:00,RTU-03,DNP3,none,51.24,51.25,-0.01
OT-01539,2026-08-28 07:10:00,PLC-03,DNP3,none,43.79,44.62,-0.83
OT-01555,2026-08-28 07:49:00,PLC-06,DNP3,none,46.09,45.63,0.46
OT-01573,2026-08-28 08:12:00,PLC-03,Modbus,none,53.0,52.31,0.69
OT-01551,2026-08-28 08:17:00,RTU-02,Modbus,none,52.41,51.71,0.7
OT-01559,2026-08-28 08:20:00,PLC-06,Modbus,none,55.71,55.2,0.51
OT-01540,2026-08-28 08:26:00,RTU-05,Modbus,none,56.17,54.52,1.65
OT-01529,2026-08-28 09:16:00,RTU-02,DNP3,none,45.28,45.8,-0.52
OT-01574,2026-08-28 09:48:00,PLC-04,Modbus,none,51.59,52.24,-0.65
OT-01572,2026-08-28 09:59:00,PLC-02,Modbus,none,51.37,50.2,1.17
OT-01542,2026-08-28 10:26:00,RTU-05,Modbus,none,53.46,54.3,-0.84
OT-01565,2026-08-28 10:51:00,RTU-07,Modbus,none,45.86,46.88,-1.02
OT-01563,2026-08-28 11:38:00,RTU-08,DNP3,none,53.12,53.25,-0.13
OT-01553,2026-08-28 12:00:00,RTU-08,Modbus,none,51.72,51.93,-0.21
OT-01530,2026-08-28 12:33:00,PLC-02,DNP3,none,51.49,51.68,-0.19
OT-01566,2026-08-28 13:02:00,RTU-04,DNP3,none,50.76,50.0,0.76
OT-01546,2026-08-28 13:15:00,RTU-05,Modbus,none,51.0,51.08,-0.08
OT-01523,2026-08-28 14:21:00,RTU-05,DNP3,none,44.14,45.5,-1.36
OT-01524,2026-08-28 15:19:00,PLC-02,Modbus,none,51.8,51.32,0.48
OT-01557,2026-08-28 15:35:00,PLC-01,DNP3,none,49.79,48.85,0.94
OT-01556,2026-08-28 16:24:00,PLC-03,Modbus,none,47.16,46.93,0.23
OT-01567,2026-08-28 16:25:00,RTU-01,DNP3,none,51.49,50.91,0.58
OT-01568,2026-08-28 16:44:00,PLC-04,DNP3,none,44.07,44.49,-0.42
OT-01535,2026-08-28 16:47:00,PLC-02,Modbus,none,50.76,50.64,0.12
OT-01534,2026-08-28 16:53:00,RTU-08,DNP3,none,47.64,48.96,-1.32
OT-01552,2026-08-28 17:08:00,PLC-05,Modbus,none,53.84,53.84,0.0
OT-01527,2026-08-28 17:28:00,PLC-03,DNP3,none,48.48,49.62,-1.14
OT-01532,2026-08-28 17:36:00,RTU-01,DNP3,none,48.62,49.44,-0.82
OT-01570,2026-08-28 18:25:00,PLC-05,Modbus,none,49.59,49.45,0.14
OT-01528,2026-08-28 19:27:00,PLC-06,Modbus,none,52.17,52.53,-0.36
OT-01562,2026-08-28 19:46:00,RTU-01,DNP3,none,48.96,49.23,-0.27
OT-01554,2026-08-28 19:52:00,RTU-07,DNP3,none,50.5,50.54,-0.04
OT-01536,2026-08-28 20:18:00,RTU-02,DNP3,none,52.05,51.54,0.51
OT-01526,2026-08-28 20:26:00,PLC-04,Modbus,none,50.18,50.27,-0.09
OT-01550,2026-08-28 21:17:00,PLC-03,Modbus,none,57.02,55.51,1.51
OT-01545,2026-08-28 21:46:00,PLC-05,Modbus,none,47.29,48.35,-1.06
OT-01561,2026-08-28 22:23:00,RTU-05,Modbus,none,53.15,53.22,-0.07
OT-01538,2026-08-28 22:55:00,RTU-06,DNP3,none,51.23,50.69,0.54
OT-01575,2026-08-28 23:44:00,RTU-02,DNP3,none,51.78,52.71,-0.93
